Country,Region,Curriculum Name,Curriculum Year,Subject(s),Grade(s),URL
Canada,Ontario,Kindergarten Program,2016,All,K,https://files.ontario.ca/books/edu_the_kindergarten_program_english_aoda_web_oct7.pdf
Canada,Ontario,Kindergarten Program,2019,Revisions,K,http://www.edu.gov.on.ca/eng/curriculum/elementary/addendum-to-kindergarten-program.pdf
Canada,Ontario,,2020,Math,1-08,https://assets-us-01.kc-usercontent.com/fbd574c4-da36-0066-a0c5-849ffb2de96e/dab22a67-d9e8-4c42-a2a7-8c98cf1bbbb1/Math_Curriculum%20Context_AODA.pdf
Canada,Ontario,,2006,Language,1-08,http://www.edu.gov.on.ca/eng/curriculum/elementary/language18currb.pdf
Canada,Ontario,,2006,Language,1-08,http://www.edu.gov.on.ca/eng/curriculum/elementary/language18currb.txt
Canada,Ontario,,2007,Science/Tech,1-08,http://www.edu.gov.on.ca/eng/curriculum/elementary/scientec18currb.pdf
Canada,Ontario,,2007,Science/Tech,1-08,http://www.edu.gov.on.ca/eng/curriculum/elementary/scientec18currb.txt
Canada,Ontario,,2018,SocialStudies,1-06,http://www.edu.gov.on.ca/eng/curriculum/elementary/social-studies-history-geography-2018.pdf
Canada,Ontario,,2018,History,7-08,http://www.edu.gov.on.ca/eng/curriculum/elementary/social-studies-history-geography-2018.pdf
Canada,Ontario,,2018,Geography,7-08,http://www.edu.gov.on.ca/eng/curriculum/elementary/social-studies-history-geography-2018.pdf
Canada,Ontario,,2018,Arts,1-08,http://www.edu.gov.on.ca/eng/curriculum/elementary/arts18b09curr.pdf
Canada,Ontario,,2018,Arts,1-08,http://www.edu.gov.on.ca/eng/curriculum/elementary/arts18b09curr.txt
Canada,Ontario,,2019,Health,1-08,http://www.edu.gov.on.ca/eng/curriculum/elementary/2019-health-physical-education-grades-1to8.pdf
Canada,Ontario,Exemption Policy,2019,Health,1-08,http://www.edu.gov.on.ca/extra/eng/ppm/ppm162.pdf
Canada,Ontario,,2005,Math,9-10,http://edu.gov.on.ca/eng/curriculum/secondary/math910curr.pdf
Canada,Ontario,,2005,Math,9-10,http://edu.gov.on.ca/eng/curriculum/secondary/math910curr.txt
Canada,Ontario,Mathematics Transfer Course\-Applied to Academic,2006,Math,,http://edu.gov.on.ca/eng/curriculum/secondary/mathtr9curr.pdf
Canada,Ontario,,2007,Math,11-12,http://www.edu.gov.on.ca/eng/curriculum/secondary/math1112currb.pdf
Canada,Ontario,,2007,Math,11-12,http://www.edu.gov.on.ca/eng/curriculum/secondary/math1112currb.txt
Canada,Ontario,Ontario Secondary School Literacy Course,2003,English,,http://www.edu.gov.on.ca/eng/curriculum/secondary/english12curr.pdf
Canada,Ontario,Ontario Secondary School Literacy Course,2003,English,,http://www.edu.gov.on.ca/eng/curriculum/secondary/english12curr.txt
Canada,Ontario,,2007,English,9-10,http://www.edu.gov.on.ca/eng/curriculum/secondary/english910currb.pdf
Canada,Ontario,,2007,English,9-10,http://www.edu.gov.on.ca/eng/curriculum/secondary/english910currb.txt
Canada,Ontario,,2007,English,11-12,http://www.edu.gov.on.ca/eng/curriculum/secondary/english1112currb.pdf
Canada,Ontario,,2007,English,11-12,http://www.edu.gov.on.ca/eng/curriculum/secondary/english1112currb.txt
Canada,Ontario,Ontario English as a Second Language ,2007,English,9-12,http://www.edu.gov.on.ca/eng/curriculum/secondary/esl912currb.pdf
Canada,Ontario,Ontario English as a Second Language ,2007,English,9-12,http://www.edu.gov.on.ca/eng/curriculum/secondary/esl912currb.txt
Canada,Ontario,,2008,Science,9-10,http://www.edu.gov.on.ca/eng/curriculum/secondary/science910_2008.pdf
Canada,Ontario,,2008,Science,9-10,http://www.edu.gov.on.ca/eng/curriculum/secondary/science910_2008.txt
Canada,Ontario,,2008,Science,11-12,http://www.edu.gov.on.ca/eng/curriculum/secondary/2009science11_12.pdf
Canada,Ontario,,2008,Science,11-12,http://www.edu.gov.on.ca/eng/curriculum/secondary/2009science11_12.txt
Canada,Ontario,,2018,CWS,9-10,http://www.edu.gov.on.ca/eng/curriculum/secondary/canworld910curr2018.pdf
Canada,Ontario,,2015,CWS,11-12,http://www.edu.gov.on.ca/eng/curriculum/secondary/2015cws11and12.pdf
Canada,Ontario,,2006,Guidance,9-10,http://www.edu.gov.on.ca/eng/curriculum/secondary/guidance910currb.pdf
Canada,Ontario,Revised Career Studies,2019,Guidance,1-10,http://www.edu.gov.on.ca/eng/curriculum/secondary/career-studies-grade10.pdf
Canada,Ontario,,2006,Guidance,11-12,http://www.edu.gov.on.ca/eng/curriculum/secondary/guidance1112currb.pdf
Canada,Ontario,,2006,Guidance,11-12,http://www.edu.gov.on.ca/eng/curriculum/secondary/guidance1112currb.txt
Canada,Ontario,,2013,Humanities,9-12,http://www.edu.gov.on.ca/eng/curriculum/secondary/ssciences9to122013.pdf
Canada,Ontario,,2015,Health,9-12,http://www.edu.gov.on.ca/eng/curriculum/secondary/health9to12.pdf
Canada,Ontario,,2010,Arts,9-10,http://www.edu.gov.on.ca/eng/curriculum/secondary/arts910curr2010.pdf
Canada,Ontario,,2010,Arts,9-10,http://www.edu.gov.on.ca/eng/curriculum/secondary/arts910curr2010.txt
Canada,Ontario,,2010,Arts,11-12,http://www.edu.gov.on.ca/eng/curriculum/secondary/arts1112curr2010.pdf
Canada,Ontario,,2010,Arts,11-12,http://www.edu.gov.on.ca/eng/curriculum/secondary/arts910curr2010.txt
Canada,Ontario,,2006,Business,9-10,http://www.edu.gov.on.ca/eng/curriculum/secondary/business910currb.pdf
Canada,Ontario,,2006,Business,9-10,http://www.edu.gov.on.ca/eng/curriculum/secondary/business910currb.txt
Canada,Ontario,,2006,Business,11-12,http://www.edu.gov.on.ca/eng/curriculum/secondary/business1112currb.pdf
Canada,Ontario,,2006,Business,11-12,http://www.edu.gov.on.ca/eng/curriculum/secondary/business1112currb.txt
Canada,Ontario,,2016,Clas. Studies,9-12,http://www.edu.gov.on.ca/eng/curriculum/secondary/classiclang912curr.pdf
Canada,Ontario,,2019,FNMI Studies,9-12,http://www.edu.gov.on.ca/eng/curriculum/secondary/First-nations-metis-inuit-studies-grades-9-12.pdf
Canada,Ontario,,2002,I-D Studies,11-12,http://www.edu.gov.on.ca/eng/curriculum/secondary/interdisciplinary1112curr.pdf
Canada,Ontario,,2002,I-D Studies,11-12,http://www.edu.gov.on.ca/eng/curriculum/secondary/interdisciplinary1112curr.txt
Canada,Ontario,,2009,Technology,9-10,http://www.edu.gov.on.ca/eng/curriculum/secondary/teched910curr09.pdf
Canada,Ontario,,2009,Technology,9-10,http://www.edu.gov.on.ca/eng/curriculum/secondary/teched910curr09.txt
Canada,Ontario,,2009,Technology,11-12,http://www.edu.gov.on.ca/eng/curriculum/secondary/2009teched1112curr.pdf
Canada,Ontario,,2009,Technology,11-12,http://www.edu.gov.on.ca/eng/curriculum/secondary/2009teched1112curr.txt
Canada,Ontario,,2008,Computers,10-12,http://www.edu.gov.on.ca/eng/curriculum/secondary/computer10to12_2008.pdf
Canada,Ontario,,2008,Computers,10-12,http://www.edu.gov.on.ca/eng/curriculum/secondary/computer10to12_2008.txt
Canada,Ontario,,2018,Co-Op,9-12,http://www.edu.gov.on.ca/eng/curriculum/secondary/cooperative-education-2018.pdf
Canada,British Columbia,,2016,Math,K-9,https://curriculum.gov.bc.ca/sites/curriculum.gov.bc.ca/files/curriculum/mathematics/en_mathematics_k-9_elab.pdf
Canada,British Columbia,,2016,English,K-9,https://curriculum.gov.bc.ca/sites/curriculum.gov.bc.ca/files/curriculum/english-language-arts/en_english-language-arts_k-9_elab.pdf
Canada,British Columbia,,2016,Science,K-9,https://curriculum.gov.bc.ca/sites/curriculum.gov.bc.ca/files/curriculum/science/en_science_k-9_elab.pdf
Canada,British Columbia,,2016,Arts,K-9,https://curriculum.gov.bc.ca/sites/curriculum.gov.bc.ca/files/curriculum/arts-education/en_arts-education_k-9.pdf
Canada,British Columbia,,2016,Health,K-9,https://curriculum.gov.bc.ca/sites/curriculum.gov.bc.ca/files/curriculum/physical-health-education/en_physical-health-education_k-9.pdf
Canada,British Columbia,,2016,Careers,K-9,https://curriculum.gov.bc.ca/sites/curriculum.gov.bc.ca/files/curriculum/career-education/en_career-education_k-12.pdf
Canada,British Columbia,,2016,SocialStudies,K-9,https://curriculum.gov.bc.ca/sites/curriculum.gov.bc.ca/files/curriculum/social-studies/en_social-studies_k-9_elab.pdf
Canada,British Columbia,,2016,AppliedDTS,K-9,https://curriculum.gov.bc.ca/sites/curriculum.gov.bc.ca/files/curriculum/adst/en_adst_k-9_elab.pdf
Canada,British Columbia,,2018,Math,1-10,https://curriculum.gov.bc.ca/sites/curriculum.gov.bc.ca/files/curriculum/mathematics/en_mathematics_10_foundations-of-mathematics-and-pre-calculus_elab.pdf
Canada,British Columbia,,2018,Math,1-10,https://curriculum.gov.bc.ca/sites/curriculum.gov.bc.ca/files/curriculum/mathematics/en_mathematics_10_workplace-mathematics_elab.pdf
Canada,British Columbia,,2018,Math,1-11,https://curriculum.gov.bc.ca/sites/curriculum.gov.bc.ca/files/curriculum/mathematics/en_mathematics_11_foundations-of-mathematics_elab.pdf
Canada,British Columbia,,2018,Math,1-11,https://curriculum.gov.bc.ca/sites/curriculum.gov.bc.ca/files/curriculum/mathematics/en_mathematics_11_history-of-mathematics_elab.pdf
Canada,British Columbia,,2018,Math,1-11,https://curriculum.gov.bc.ca/sites/curriculum.gov.bc.ca/files/curriculum/mathematics/en_mathematics_11_pre-calculus_elab.pdf
Canada,British Columbia,,2018,Math,1-11,https://curriculum.gov.bc.ca/sites/curriculum.gov.bc.ca/files/curriculum/mathematics/en_mathematics_11_workplace-mathematics_elab.pdf
Canada,British Columbia,,2018,Math,1-12,https://curriculum.gov.bc.ca/sites/curriculum.gov.bc.ca/files/curriculum/mathematics/en_mathematics_12_apprenticeship-mathematics_elab.pdf
Canada,British Columbia,,2018,Math,1-12,https://curriculum.gov.bc.ca/sites/curriculum.gov.bc.ca/files/curriculum/mathematics/en_mathematics_12_calculus_elab.pdf
Canada,British Columbia,,2018,Math,1-12,https://curriculum.gov.bc.ca/sites/curriculum.gov.bc.ca/files/curriculum/mathematics/en_mathematics_12_foundations-of-mathematics_elab.pdf
Canada,British Columbia,,2018,Math,1-12,https://curriculum.gov.bc.ca/sites/curriculum.gov.bc.ca/files/curriculum/mathematics/en_mathematics_12_geometry_elab.pdf
Canada,British Columbia,,2018,Math,1-12,https://curriculum.gov.bc.ca/sites/curriculum.gov.bc.ca/files/curriculum/mathematics/en_mathematics_12_pre-calculus_elab.pdf
Canada,British Columbia,,2018,Math,1-12,https://curriculum.gov.bc.ca/sites/curriculum.gov.bc.ca/files/curriculum/mathematics/en_mathematics_12_statistics_elab.pdf
Canada,British Columbia,,2018,Computers,1-11,https://curriculum.gov.bc.ca/sites/curriculum.gov.bc.ca/files/curriculum/mathematics/en_mathematics_11_computer-science_elab.pdf
Canada,British Columbia,,2018,Computers,1-12,https://curriculum.gov.bc.ca/sites/curriculum.gov.bc.ca/files/curriculum/mathematics/en_mathematics_12_computer-science_elab.pdf
Canada,British Columbia,,2018,Science,1-10,https://curriculum.gov.bc.ca/sites/curriculum.gov.bc.ca/files/curriculum/science/en_science_10_elab.pdf
Canada,British Columbia,,2018,Science,1-11,https://curriculum.gov.bc.ca/sites/curriculum.gov.bc.ca/files/curriculum/science/en_science_11_chemistry_elab.pdf
Canada,British Columbia,,2018,Science,1-11,https://curriculum.gov.bc.ca/sites/curriculum.gov.bc.ca/files/curriculum/science/en_science_11_earth-sciences_elab.pdf
Canada,British Columbia,,2018,Science,1-11,https://curriculum.gov.bc.ca/sites/curriculum.gov.bc.ca/files/curriculum/science/en_science_11_environmental-science_elab.pdf
Canada,British Columbia,,2018,Science,1-11,https://curriculum.gov.bc.ca/sites/curriculum.gov.bc.ca/files/curriculum/science/en_science_11_life-sciences_elab.pdf
Canada,British Columbia,,2018,Science,1-11,https://curriculum.gov.bc.ca/sites/curriculum.gov.bc.ca/files/curriculum/science/en_science_11_physics_elab.pdf
Canada,British Columbia,,2018,Science,1-11,https://curriculum.gov.bc.ca/sites/curriculum.gov.bc.ca/files/curriculum/science/en_science_11_science-for-citizens_elab.pdf
Canada,British Columbia,,2018,Science,1-12,https://curriculum.gov.bc.ca/sites/curriculum.gov.bc.ca/files/curriculum/science/en_science_12_anatomy-and-physiology_elab.pdf
Canada,British Columbia,,2018,Science,1-12,https://curriculum.gov.bc.ca/sites/curriculum.gov.bc.ca/files/curriculum/science/en_science_12_chemistry_elab.pdf
Canada,British Columbia,,2018,Science,1-12,https://curriculum.gov.bc.ca/sites/curriculum.gov.bc.ca/files/curriculum/science/en_science_12_environmental-science_elab.pdf
Canada,British Columbia,,2018,Science,1-12,https://curriculum.gov.bc.ca/sites/curriculum.gov.bc.ca/files/curriculum/science/en_science_12_geology_elab.pdf
Canada,British Columbia,,2018,Science,1-12,https://curriculum.gov.bc.ca/sites/curriculum.gov.bc.ca/files/curriculum/science/en_science_12_physics_elab.pdf
Canada,British Columbia,,2018,Science,1-12,https://curriculum.gov.bc.ca/sites/curriculum.gov.bc.ca/files/curriculum/science/en_science_12_specialized-science_elab.pdf
Canada,British Columbia,,2018,English,1-10,https://curriculum.gov.bc.ca/sites/curriculum.gov.bc.ca/files/curriculum/english-language-arts/en_english-language-arts_10_composition_elab.pdf
Canada,British Columbia,,2018,English,1-10,https://curriculum.gov.bc.ca/sites/curriculum.gov.bc.ca/files/curriculum/english-language-arts/en_english-language-arts_10_creative-writing_elab.pdf
Canada,British Columbia,,2018,English,1-10,https://curriculum.gov.bc.ca/sites/curriculum.gov.bc.ca/files/curriculum/english-language-arts/en_english-language-arts_10_literary-studies_elab.pdf
Canada,British Columbia,,2018,English,1-10,https://curriculum.gov.bc.ca/sites/curriculum.gov.bc.ca/files/curriculum/english-language-arts/en_english-language-arts_10_new-media_elab.pdf
Canada,British Columbia,,2018,English,1-10,https://curriculum.gov.bc.ca/sites/curriculum.gov.bc.ca/files/curriculum/english-language-arts/en_english-language-arts_10_spoken-language_elab.pdf
Canada,British Columbia,,2019,English,1-11,https://curriculum.gov.bc.ca/sites/curriculum.gov.bc.ca/files/curriculum/english-language-arts/en_english-language-arts_11_composition_elab.pdf
Canada,British Columbia,,2019,English,1-11,https://curriculum.gov.bc.ca/sites/curriculum.gov.bc.ca/files/curriculum/english-language-arts/en_english-language-arts_11_creative-writing_elab.pdf
Canada,British Columbia,,2019,English,1-11,https://curriculum.gov.bc.ca/sites/curriculum.gov.bc.ca/files/curriculum/english-language-arts/en_english-language-arts_11_literary-studies_elab.pdf
Canada,British Columbia,,2019,English,1-11,https://curriculum.gov.bc.ca/sites/curriculum.gov.bc.ca/files/curriculum/english-language-arts/en_english-language-arts_11_new-media_elab.pdf
Canada,British Columbia,,2019,English,1-11,https://curriculum.gov.bc.ca/sites/curriculum.gov.bc.ca/files/curriculum/english-language-arts/en_english-language-arts_11_spoken-language_elab.pdf
Canada,British Columbia,,2019,English,1-12,https://curriculum.gov.bc.ca/sites/curriculum.gov.bc.ca/files/curriculum/english-language-arts/en_english-language-arts_12_composition_elab.pdf
Canada,British Columbia,,2019,English,1-12,https://curriculum.gov.bc.ca/sites/curriculum.gov.bc.ca/files/curriculum/english-language-arts/en_english-language-arts_12_creative-writing_elab.pdf
Canada,British Columbia,,2019,English,1-12,https://curriculum.gov.bc.ca/sites/curriculum.gov.bc.ca/files/curriculum/english-language-arts/en_english-language-arts_12_english-studies_elab.pdf
Canada,British Columbia,,2019,English,1-12,https://curriculum.gov.bc.ca/sites/curriculum.gov.bc.ca/files/curriculum/english-language-arts/en_english-language-arts_12_literary-studies_elab.pdf
Canada,British Columbia,,2019,English,1-12,https://curriculum.gov.bc.ca/sites/curriculum.gov.bc.ca/files/curriculum/english-language-arts/en_english-language-arts_12_new-media_elab.pdf
Canada,British Columbia,,2019,English,1-12,https://curriculum.gov.bc.ca/sites/curriculum.gov.bc.ca/files/curriculum/english-language-arts/en_english-language-arts_12_spoken-language_elab.pdf
Canada,British Columbia,,2018,EFPS,1-10,https://curriculum.gov.bc.ca/sites/curriculum.gov.bc.ca/files/curriculum/english-language-arts/en_english-language-arts_10_efp-literary-studies_elab.pdf
Canada,British Columbia,,2018,EFPS,1-10,https://curriculum.gov.bc.ca/sites/curriculum.gov.bc.ca/files/curriculum/english-language-arts/en_english-language-arts_10_efp-new-media_elab.pdf
Canada,British Columbia,,2018,EFPS,1-10,https://curriculum.gov.bc.ca/sites/curriculum.gov.bc.ca/files/curriculum/english-language-arts/en_english-language-arts_10_efp-spoken-language_elab.pdf
Canada,British Columbia,,2018,EFPS,1-10,https://curriculum.gov.bc.ca/sites/curriculum.gov.bc.ca/files/curriculum/english-language-arts/en_english-language-arts_10_efp-writing_elab.pdf
Canada,British Columbia,,2019,EFPS,1-11,https://curriculum.gov.bc.ca/sites/curriculum.gov.bc.ca/files/curriculum/english-language-arts/en_english-language-arts_11_efp-literary-studies-and-new-media_elab.pdf
Canada,British Columbia,,2019,EFPS,1-11,https://curriculum.gov.bc.ca/sites/curriculum.gov.bc.ca/files/curriculum/english-language-arts/en_english-language-arts_11_efp-literary-studies-and-spoken-language_elab.pdf
Canada,British Columbia,,2019,EFPS,1-11,https://curriculum.gov.bc.ca/sites/curriculum.gov.bc.ca/files/curriculum/english-language-arts/en_english-language-arts_11_efp-literary-studies-and-writing_elab.pdf
Canada,British Columbia,,2019,EFPS,1-12,https://curriculum.gov.bc.ca/sites/curriculum.gov.bc.ca/files/curriculum/english-language-arts/en_english-language-arts_12_english-first-peoples_elab.pdf
Canada,British Columbia,,2018,Dance,1-10,https://curriculum.gov.bc.ca/sites/curriculum.gov.bc.ca/files/curriculum/arts-education/en_arts-education_10_dance-choreography_elab.pdf
Canada,British Columbia,,2018,Dance,1-10,https://curriculum.gov.bc.ca/sites/curriculum.gov.bc.ca/files/curriculum/arts-education/en_arts-education_10_dance-company_elab.pdf
Canada,British Columbia,,2018,Dance,1-10,https://curriculum.gov.bc.ca/sites/curriculum.gov.bc.ca/files/curriculum/arts-education/en_arts-education_10_dance-foundations_elab.pdf
Canada,British Columbia,,2018,Dance,1-10,https://curriculum.gov.bc.ca/sites/curriculum.gov.bc.ca/files/curriculum/arts-education/en_arts-education_10_dance-technique-and-performance_elab.pdf
Canada,British Columbia,,2018,Drama,1-10,https://curriculum.gov.bc.ca/sites/curriculum.gov.bc.ca/files/curriculum/arts-education/en_arts-education_10_drama_elab.pdf
Canada,British Columbia,,2018,Drama,1-10,https://curriculum.gov.bc.ca/sites/curriculum.gov.bc.ca/files/curriculum/arts-education/en_arts-education_10_theatre-company_elab.pdf
Canada,British Columbia,,2018,Drama,1-10,https://curriculum.gov.bc.ca/sites/curriculum.gov.bc.ca/files/curriculum/arts-education/en_arts-education_10_theatre-production_elab.pdf
Canada,British Columbia,,2018,Music,1-10,https://curriculum.gov.bc.ca/sites/curriculum.gov.bc.ca/files/curriculum/arts-education/en_arts-education_10_choral-music_elab.pdf
Canada,British Columbia,,2018,Music,1-10,https://curriculum.gov.bc.ca/sites/curriculum.gov.bc.ca/files/curriculum/arts-education/en_arts-education_10_contemporary-music_elab.pdf
Canada,British Columbia,,2018,Music,1-10,https://curriculum.gov.bc.ca/sites/curriculum.gov.bc.ca/files/curriculum/arts-education/en_arts-education_10_instrumental-music_elab.pdf
Canada,British Columbia,,2018,VisualArts,1-10,https://curriculum.gov.bc.ca/sites/curriculum.gov.bc.ca/files/curriculum/arts-education/en_arts-education_10_art-studio_elab.pdf
Canada,British Columbia,,2018,VisualArts,1-10,https://curriculum.gov.bc.ca/sites/curriculum.gov.bc.ca/files/curriculum/arts-education/en_arts-education_10_photography_elab.pdf
Canada,British Columbia,,2018,VisualArts,1-10,https://curriculum.gov.bc.ca/sites/curriculum.gov.bc.ca/files/curriculum/arts-education/en_arts-education_10_studio-arts-2D_elab.pdf
Canada,British Columbia,,2018,VisualArts,1-10,https://curriculum.gov.bc.ca/sites/curriculum.gov.bc.ca/files/curriculum/arts-education/en_arts-education_10_studio-arts-3D_elab.pdf
Canada,British Columbia,,2018,CossDisArts,1-10,https://curriculum.gov.bc.ca/sites/curriculum.gov.bc.ca/files/curriculum/arts-education/en_arts-education_10_media-arts_elab.pdf
Canada,British Columbia,,2018,CossDisArts,1-10,https://curriculum.gov.bc.ca/sites/curriculum.gov.bc.ca/files/curriculum/arts-education/en_arts-education_10_musical-theatre_elab.pdf
Canada,British Columbia,,2018,Dance,1-11,https://curriculum.gov.bc.ca/sites/curriculum.gov.bc.ca/files/curriculum/arts-education/en_arts-education_11_dance-choreography_elab.pdf
Canada,British Columbia,,2018,Dance,1-11,https://curriculum.gov.bc.ca/sites/curriculum.gov.bc.ca/files/curriculum/arts-education/en_arts-education_11_dance-company_elab.pdf
Canada,British Columbia,,2018,Dance,1-11,https://curriculum.gov.bc.ca/sites/curriculum.gov.bc.ca/files/curriculum/arts-education/en_arts-education_11_dance-conditioning_elab.pdf
Canada,British Columbia,,2018,Dance,1-11,https://curriculum.gov.bc.ca/sites/curriculum.gov.bc.ca/files/curriculum/arts-education/en_arts-education_11_dance-foundations_elab.pdf
Canada,British Columbia,,2018,Dance,1-11,https://curriculum.gov.bc.ca/sites/curriculum.gov.bc.ca/files/curriculum/arts-education/en_arts-education_11_dance-technique-and-performance_elab.pdf
Canada,British Columbia,,2018,Drama,1-11,https://curriculum.gov.bc.ca/sites/curriculum.gov.bc.ca/files/curriculum/arts-education/en_arts-education_11_directing-and-script-development_elab.pdf
Canada,British Columbia,,2018,Drama,1-11,https://curriculum.gov.bc.ca/sites/curriculum.gov.bc.ca/files/curriculum/arts-education/en_arts-education_11_drama_elab.pdf
Canada,British Columbia,,2018,Drama,1-11,https://curriculum.gov.bc.ca/sites/curriculum.gov.bc.ca/files/curriculum/arts-education/en_arts-education_11_film-and-television_elab.pdf
Canada,British Columbia,,2018,Drama,1-11,https://curriculum.gov.bc.ca/sites/curriculum.gov.bc.ca/files/curriculum/arts-education/en_arts-education_11_theatre-company_elab.pdf
Canada,British Columbia,,2018,Drama,1-11,https://curriculum.gov.bc.ca/sites/curriculum.gov.bc.ca/files/curriculum/arts-education/en_arts-education_11_theatre-production_elab.pdf
Canada,British Columbia,,2018,Music,1-11,https://curriculum.gov.bc.ca/sites/curriculum.gov.bc.ca/files/curriculum/arts-education/en_arts-education_11_choral-music_elab.pdf
Canada,British Columbia,,2018,Music,1-11,https://curriculum.gov.bc.ca/sites/curriculum.gov.bc.ca/files/curriculum/arts-education/en_arts-education_11_composition-and-production_elab.pdf
Canada,British Columbia,,2018,Music,1-11,https://curriculum.gov.bc.ca/sites/curriculum.gov.bc.ca/files/curriculum/arts-education/en_arts-education_11_contemporary-music_elab.pdf
Canada,British Columbia,,2018,Music,1-11,https://curriculum.gov.bc.ca/sites/curriculum.gov.bc.ca/files/curriculum/arts-education/en_arts-education_11_instrumental-music_elab.pdf
Canada,British Columbia,,2018,VisualArts,1-11,https://curriculum.gov.bc.ca/sites/curriculum.gov.bc.ca/files/curriculum/arts-education/en_arts-education_11_art-studio_elab.pdf
Canada,British Columbia,,2018,VisualArts,1-11,https://curriculum.gov.bc.ca/sites/curriculum.gov.bc.ca/files/curriculum/arts-education/en_arts-education_11_graphic-arts_elab.pdf
Canada,British Columbia,,2018,VisualArts,1-11,https://curriculum.gov.bc.ca/sites/curriculum.gov.bc.ca/files/curriculum/arts-education/en_arts-education_11_photography_elab.pdf
Canada,British Columbia,,2018,VisualArts,1-11,https://curriculum.gov.bc.ca/sites/curriculum.gov.bc.ca/files/curriculum/arts-education/en_arts-education_11_studio-arts-2D_elab.pdf
Canada,British Columbia,,2018,VisualArts,1-11,https://curriculum.gov.bc.ca/sites/curriculum.gov.bc.ca/files/curriculum/arts-education/en_arts-education_11_studio-arts-3D_elab.pdf
Canada,British Columbia,,2018,CossDisArts,1-11,https://curriculum.gov.bc.ca/sites/curriculum.gov.bc.ca/files/curriculum/arts-education/en_arts-education_11_media-arts_elab.pdf
Canada,British Columbia,,2018,CossDisArts,1-11,https://curriculum.gov.bc.ca/sites/curriculum.gov.bc.ca/files/curriculum/arts-education/en_arts-education_11_musical-theatre_elab.pdf
Canada,British Columbia,,2019,Dance,1-12,https://curriculum.gov.bc.ca/sites/curriculum.gov.bc.ca/files/curriculum/arts-education/en_arts-education_12_dance-choreography_elab.pdf
Canada,British Columbia,,2019,Dance,1-12,https://curriculum.gov.bc.ca/sites/curriculum.gov.bc.ca/files/curriculum/arts-education/en_arts-education_12_dance-company_elab.pdf
Canada,British Columbia,,2019,Dance,1-12,https://curriculum.gov.bc.ca/sites/curriculum.gov.bc.ca/files/curriculum/arts-education/en_arts-education_12_dance-conditioning_elab.pdf
Canada,British Columbia,,2019,Dance,1-12,https://curriculum.gov.bc.ca/sites/curriculum.gov.bc.ca/files/curriculum/arts-education/en_arts-education_12_dance-foundations_elab.pdf
Canada,British Columbia,,2019,Dance,1-12,https://curriculum.gov.bc.ca/sites/curriculum.gov.bc.ca/files/curriculum/arts-education/en_arts-education_12_dance-technique-and-performance_elab.pdf
Canada,British Columbia,,2019,Drama,1-12,https://curriculum.gov.bc.ca/sites/curriculum.gov.bc.ca/files/curriculum/arts-education/en_arts-education_12_directing-and-script-development_elab.pdf
Canada,British Columbia,,2019,Drama,1-12,https://curriculum.gov.bc.ca/sites/curriculum.gov.bc.ca/files/curriculum/arts-education/en_arts-education_12_drama_elab.pdf
Canada,British Columbia,,2019,Drama,1-12,https://curriculum.gov.bc.ca/sites/curriculum.gov.bc.ca/files/curriculum/arts-education/en_arts-education_12_film-and-television_elab.pdf
Canada,British Columbia,,2019,Drama,1-12,https://curriculum.gov.bc.ca/sites/curriculum.gov.bc.ca/files/curriculum/arts-education/en_arts-education_12_theatre-company_elab.pdf
Canada,British Columbia,,2019,Drama,1-12,https://curriculum.gov.bc.ca/sites/curriculum.gov.bc.ca/files/curriculum/arts-education/en_arts-education_12_theatre-production_elab.pdf
Canada,British Columbia,,2019,Music,1-12,https://curriculum.gov.bc.ca/sites/curriculum.gov.bc.ca/files/curriculum/arts-education/en_arts-education_12_choral-music_elab.pdf
Canada,British Columbia,,2019,Music,1-12,https://curriculum.gov.bc.ca/sites/curriculum.gov.bc.ca/files/curriculum/arts-education/en_arts-education_12_composition-and-production_elab.pdf
Canada,British Columbia,,2019,Music,1-12,https://curriculum.gov.bc.ca/sites/curriculum.gov.bc.ca/files/curriculum/arts-education/en_arts-education_12_contemporary-music_elab.pdf
Canada,British Columbia,,2019,Music,1-12,https://curriculum.gov.bc.ca/sites/curriculum.gov.bc.ca/files/curriculum/arts-education/en_arts-education_12_instrumental-music_elab.pdf
Canada,British Columbia,,2019,VisualArts,1-12,https://curriculum.gov.bc.ca/sites/curriculum.gov.bc.ca/files/curriculum/arts-education/en_arts-education_12_art-studio_elab.pdf
Canada,British Columbia,,2019,VisualArts,1-12,https://curriculum.gov.bc.ca/sites/curriculum.gov.bc.ca/files/curriculum/arts-education/en_arts-education_12_graphic-arts_elab.pdf
Canada,British Columbia,,2019,VisualArts,1-12,https://curriculum.gov.bc.ca/sites/curriculum.gov.bc.ca/files/curriculum/arts-education/en_arts-education_12_photography_elab.pdf
Canada,British Columbia,,2019,VisualArts,1-12,https://curriculum.gov.bc.ca/sites/curriculum.gov.bc.ca/files/curriculum/arts-education/en_arts-education_12_studio-arts-2D_elab.pdf
Canada,British Columbia,,2019,VisualArts,1-12,https://curriculum.gov.bc.ca/sites/curriculum.gov.bc.ca/files/curriculum/arts-education/en_arts-education_12_studio-arts-3D_elab.pdf
Canada,British Columbia,,2019,CossDisArts,1-12,https://curriculum.gov.bc.ca/sites/curriculum.gov.bc.ca/files/curriculum/arts-education/en_arts-education_12_media-arts_elab.pdf
Canada,British Columbia,,2019,CossDisArts,1-12,https://curriculum.gov.bc.ca/sites/curriculum.gov.bc.ca/files/curriculum/arts-education/en_arts-education_12_musical-theatre_elab.pdf
Canada,British Columbia,,2018,Business,1-10,https://curriculum.gov.bc.ca/sites/curriculum.gov.bc.ca/files/curriculum/adst/en_adst_10_entrepreneurship-and-marketing_elab.pdf
Canada,British Columbia,,2019,Business,1-11,https://curriculum.gov.bc.ca/sites/curriculum.gov.bc.ca/files/curriculum/adst/en_adst_11_accounting_elab.pdf
Canada,British Columbia,,2019,Business,1-11,https://curriculum.gov.bc.ca/sites/curriculum.gov.bc.ca/files/curriculum/adst/en_adst_11_marketing-and-promotion_elab.pdf
Canada,British Columbia,,2019,Business,1-11,https://curriculum.gov.bc.ca/sites/curriculum.gov.bc.ca/files/curriculum/adst/en_adst_11_tourism_elab.pdf
Canada,British Columbia,,2019,Business,1-12,https://curriculum.gov.bc.ca/sites/curriculum.gov.bc.ca/files/curriculum/adst/en_adst_12_accounting_elab.pdf
Canada,British Columbia,,2019,Business,1-12,https://curriculum.gov.bc.ca/sites/curriculum.gov.bc.ca/files/curriculum/adst/en_adst_12_business-computer-applications_elab.pdf
Canada,British Columbia,,2019,Business,1-12,https://curriculum.gov.bc.ca/sites/curriculum.gov.bc.ca/files/curriculum/adst/en_adst_12_e-commerce_elab.pdf
Canada,British Columbia,,2019,Business,1-12,https://curriculum.gov.bc.ca/sites/curriculum.gov.bc.ca/files/curriculum/adst/en_adst_12_economics_elab.pdf
Canada,British Columbia,,2019,Business,1-12,https://curriculum.gov.bc.ca/sites/curriculum.gov.bc.ca/files/curriculum/adst/en_adst_12_entrepreneurship_elab.pdf
Canada,British Columbia,,2019,Business,1-12,https://curriculum.gov.bc.ca/sites/curriculum.gov.bc.ca/files/curriculum/adst/en_adst_12_financial-accounting_elab.pdf
Canada,British Columbia,,2019,Business,1-12,https://curriculum.gov.bc.ca/sites/curriculum.gov.bc.ca/files/curriculum/adst/en_adst_12_tourism_elab.pdf
Canada,British Columbia,,2018,HomeEcon,1-10,https://curriculum.gov.bc.ca/sites/curriculum.gov.bc.ca/files/curriculum/adst/en_adst_10_culinary-arts_elab.pdf
Canada,British Columbia,,2018,HomeEcon,1-10,https://curriculum.gov.bc.ca/sites/curriculum.gov.bc.ca/files/curriculum/adst/en_adst_10_family-and-society_elab.pdf
Canada,British Columbia,,2018,HomeEcon,1-10,https://curriculum.gov.bc.ca/sites/curriculum.gov.bc.ca/files/curriculum/adst/en_adst_10_food-studies_elab.pdf
Canada,British Columbia,,2018,HomeEcon,1-10,https://curriculum.gov.bc.ca/sites/curriculum.gov.bc.ca/files/curriculum/adst/en_adst_10_textiles_elab.pdf
Canada,British Columbia,,2019,HomeEcon,1-11,https://curriculum.gov.bc.ca/sites/curriculum.gov.bc.ca/files/curriculum/adst/en_adst_11_culinary-arts_elab.pdf
Canada,British Columbia,,2019,HomeEcon,1-11,https://curriculum.gov.bc.ca/sites/curriculum.gov.bc.ca/files/curriculum/adst/en_adst_11_food-studies_elab.pdf
Canada,British Columbia,,2019,HomeEcon,1-11,https://curriculum.gov.bc.ca/sites/curriculum.gov.bc.ca/files/curriculum/adst/en_adst_11_interpersonal-and-family-relationships_elab.pdf
Canada,British Columbia,,2019,HomeEcon,1-11,https://curriculum.gov.bc.ca/sites/curriculum.gov.bc.ca/files/curriculum/adst/en_adst_11_textiles_elab.pdf
Canada,British Columbia,,2019,HomeEcon,1-12,https://curriculum.gov.bc.ca/sites/curriculum.gov.bc.ca/files/curriculum/adst/en_adst_12_child-development-and-caregiving_elab.pdf
Canada,British Columbia,,2019,HomeEcon,1-12,https://curriculum.gov.bc.ca/sites/curriculum.gov.bc.ca/files/curriculum/adst/en_adst_12_culinary-arts_elab.pdf
Canada,British Columbia,,2019,HomeEcon,1-12,https://curriculum.gov.bc.ca/sites/curriculum.gov.bc.ca/files/curriculum/adst/en_adst_12_fashion-industry_elab.pdf
Canada,British Columbia,,2019,HomeEcon,1-12,https://curriculum.gov.bc.ca/sites/curriculum.gov.bc.ca/files/curriculum/adst/en_adst_12_food-studies_elab.pdf
Canada,British Columbia,,2019,HomeEcon,1-12,https://curriculum.gov.bc.ca/sites/curriculum.gov.bc.ca/files/curriculum/adst/en_adst_12_housing-and-living-environments_elab.pdf
Canada,British Columbia,,2019,HomeEcon,1-12,https://curriculum.gov.bc.ca/sites/curriculum.gov.bc.ca/files/curriculum/adst/en_adst_12_specialized-studies-in-food_elab.pdf
Canada,British Columbia,,2019,HomeEcon,1-12,https://curriculum.gov.bc.ca/sites/curriculum.gov.bc.ca/files/curriculum/adst/en_adst_12_textiles_elab.pdf
Canada,British Columbia,,2018,InfoComTech,1-10,https://curriculum.gov.bc.ca/sites/curriculum.gov.bc.ca/files/curriculum/adst/en_adst_10_computer-studies_elab.pdf
Canada,British Columbia,,2018,InfoComTech,1-10,https://curriculum.gov.bc.ca/sites/curriculum.gov.bc.ca/files/curriculum/adst/en_adst_10_media-design_elab.pdf
Canada,British Columbia,,2018,InfoComTech,1-10,https://curriculum.gov.bc.ca/sites/curriculum.gov.bc.ca/files/curriculum/adst/en_adst_10_web-development_elab.pdf
Canada,British Columbia,,2019,InfoComTech,1-11,https://curriculum.gov.bc.ca/sites/curriculum.gov.bc.ca/files/curriculum/adst/en_adst_11_computer-information-systems_elab.pdf
Canada,British Columbia,,2019,InfoComTech,1-11,https://curriculum.gov.bc.ca/sites/curriculum.gov.bc.ca/files/curriculum/adst/en_adst_11_computer-programming_elab.pdf
Canada,British Columbia,,2019,InfoComTech,1-11,https://curriculum.gov.bc.ca/sites/curriculum.gov.bc.ca/files/curriculum/adst/en_adst_11_digital-communications_elab.pdf
Canada,British Columbia,,2019,InfoComTech,1-11,https://curriculum.gov.bc.ca/sites/curriculum.gov.bc.ca/files/curriculum/adst/en_adst_11_graphic-production_elab.pdf
Canada,British Columbia,,2019,InfoComTech,1-11,https://curriculum.gov.bc.ca/sites/curriculum.gov.bc.ca/files/curriculum/adst/en_adst_11_media-design_elab.pdf
Canada,British Columbia,,2019,InfoComTech,1-12,https://curriculum.gov.bc.ca/sites/curriculum.gov.bc.ca/files/curriculum/adst/en_adst_12_computer-information-systems_elab.pdf
Canada,British Columbia,,2019,InfoComTech,1-12,https://curriculum.gov.bc.ca/sites/curriculum.gov.bc.ca/files/curriculum/adst/en_adst_12_computer-programming_elab.pdf
Canada,British Columbia,,2019,InfoComTech,1-12,https://curriculum.gov.bc.ca/sites/curriculum.gov.bc.ca/files/curriculum/adst/en_adst_12_digital-media-development_elab.pdf
Canada,British Columbia,,2019,InfoComTech,1-12,https://curriculum.gov.bc.ca/sites/curriculum.gov.bc.ca/files/curriculum/adst/en_adst_12_graphic-production_elab.pdf
Canada,British Columbia,,2019,InfoComTech,1-12,https://curriculum.gov.bc.ca/sites/curriculum.gov.bc.ca/files/curriculum/adst/en_adst_12_media-design_elab.pdf
Canada,British Columbia,,2018,Technology,1-10,https://curriculum.gov.bc.ca/sites/curriculum.gov.bc.ca/files/curriculum/adst/en_adst_10_drafting_elab.pdf
Canada,British Columbia,,2018,Technology,1-10,https://curriculum.gov.bc.ca/sites/curriculum.gov.bc.ca/files/curriculum/adst/en_adst_10_electronics-and-robotics_elab.pdf
Canada,British Columbia,,2018,Technology,1-10,https://curriculum.gov.bc.ca/sites/curriculum.gov.bc.ca/files/curriculum/adst/en_adst_10_metalwork_elab.pdf
Canada,British Columbia,,2018,Technology,1-10,https://curriculum.gov.bc.ca/sites/curriculum.gov.bc.ca/files/curriculum/adst/en_adst_10_power-technology_elab.pdf
Canada,British Columbia,,2018,Technology,1-10,https://curriculum.gov.bc.ca/sites/curriculum.gov.bc.ca/files/curriculum/adst/en_adst_10_technology-explorations_elab.pdf
Canada,British Columbia,,2018,Technology,1-10,https://curriculum.gov.bc.ca/sites/curriculum.gov.bc.ca/files/curriculum/adst/en_adst_10_woodwork_elab.pdf
Canada,British Columbia,,2019,Technology,1-11,https://curriculum.gov.bc.ca/sites/curriculum.gov.bc.ca/files/curriculum/adst/en_adst_11_automotive-technology_elab.pdf
Canada,British Columbia,,2019,Technology,1-11,https://curriculum.gov.bc.ca/sites/curriculum.gov.bc.ca/files/curriculum/adst/en_adst_11_drafting_elab.pdf
Canada,British Columbia,,2019,Technology,1-11,https://curriculum.gov.bc.ca/sites/curriculum.gov.bc.ca/files/curriculum/adst/en_adst_11_electronics_elab.pdf
Canada,British Columbia,,2019,Technology,1-11,https://curriculum.gov.bc.ca/sites/curriculum.gov.bc.ca/files/curriculum/adst/en_adst_11_engineering_elab.pdf
Canada,British Columbia,,2019,Technology,1-11,https://curriculum.gov.bc.ca/sites/curriculum.gov.bc.ca/files/curriculum/adst/en_adst_11_metalwork_elab.pdf
Canada,British Columbia,,2019,Technology,1-11,https://curriculum.gov.bc.ca/sites/curriculum.gov.bc.ca/files/curriculum/adst/en_adst_11_robotics_elab.pdf
Canada,British Columbia,,2019,Technology,1-11,https://curriculum.gov.bc.ca/sites/curriculum.gov.bc.ca/files/curriculum/adst/en_adst_11_woodwork_elab.pdf
Canada,British Columbia,,2019,Technology,1-12,https://curriculum.gov.bc.ca/sites/curriculum.gov.bc.ca/files/curriculum/adst/en_adst_12_art-metal-and-jewellery_elab.pdf
Canada,British Columbia,,2019,Technology,1-12,https://curriculum.gov.bc.ca/sites/curriculum.gov.bc.ca/files/curriculum/adst/en_adst_12_automotive-technology_elab.pdf
Canada,British Columbia,,2019,Technology,1-12,https://curriculum.gov.bc.ca/sites/curriculum.gov.bc.ca/files/curriculum/adst/en_adst_12_drafting_elab.pdf
Canada,British Columbia,,2019,Technology,1-12,https://curriculum.gov.bc.ca/sites/curriculum.gov.bc.ca/files/curriculum/adst/en_adst_12_electronics_elab.pdf
Canada,British Columbia,,2019,Technology,1-12,https://curriculum.gov.bc.ca/sites/curriculum.gov.bc.ca/files/curriculum/adst/en_adst_12_engine-and-drivetrain_elab.pdf
Canada,British Columbia,,2019,Technology,1-12,https://curriculum.gov.bc.ca/sites/curriculum.gov.bc.ca/files/curriculum/adst/en_adst_12_engineering_elab.pdf
Canada,British Columbia,,2019,Technology,1-12,https://curriculum.gov.bc.ca/sites/curriculum.gov.bc.ca/files/curriculum/adst/en_adst_12_furniture-and-cabinetry_elab.pdf
Canada,British Columbia,,2019,Technology,1-12,https://curriculum.gov.bc.ca/sites/curriculum.gov.bc.ca/files/curriculum/adst/en_adst_12_industrial-coding-and-design_elab.pdf
Canada,British Columbia,,2019,Technology,1-12,https://curriculum.gov.bc.ca/sites/curriculum.gov.bc.ca/files/curriculum/adst/en_adst_12_machining-and-welding_elab.pdf
Canada,British Columbia,,2019,Technology,1-12,https://curriculum.gov.bc.ca/sites/curriculum.gov.bc.ca/files/curriculum/adst/en_adst_12_mechatronics_elab.pdf
Canada,British Columbia,,2019,Technology,1-12,https://curriculum.gov.bc.ca/sites/curriculum.gov.bc.ca/files/curriculum/adst/en_adst_12_metalwork_elab.pdf
Canada,British Columbia,,2019,Technology,1-12,https://curriculum.gov.bc.ca/sites/curriculum.gov.bc.ca/files/curriculum/adst/en_adst_12_rovs-and-drones_elab.pdf
Canada,British Columbia,,2019,Technology,1-12,https://curriculum.gov.bc.ca/sites/curriculum.gov.bc.ca/files/curriculum/adst/en_adst_12_robotics_elab.pdf
Canada,British Columbia,,2019,Technology,1-12,https://curriculum.gov.bc.ca/sites/curriculum.gov.bc.ca/files/curriculum/adst/en_adst_12_woodwork_elab.pdf
Canada,British Columbia,,2018,Health,1-10,https://curriculum.gov.bc.ca/sites/curriculum.gov.bc.ca/files/curriculum/physical-health-education/en_physical-health-education_10_elab.pdf
Canada,British Columbia,,2019,Health,1-11,https://curriculum.gov.bc.ca/sites/curriculum.gov.bc.ca/files/curriculum/physical-health-education/en_physical-health-education_11_active-living_elab.pdf
Canada,British Columbia,,2019,Health,1-11,https://curriculum.gov.bc.ca/sites/curriculum.gov.bc.ca/files/curriculum/physical-health-education/en_physical-health-education_11_fitness-and-conditioning_elab.pdf
Canada,British Columbia,,2019,Health,1-11,https://curriculum.gov.bc.ca/sites/curriculum.gov.bc.ca/files/curriculum/physical-health-education/en_physical-health-education_11_outdoor-education_elab.pdf
Canada,British Columbia,,2019,Health,1-12,https://curriculum.gov.bc.ca/sites/curriculum.gov.bc.ca/files/curriculum/physical-health-education/en_physical-health-education_12_active-living_elab.pdf
Canada,British Columbia,,2019,Health,1-12,https://curriculum.gov.bc.ca/sites/curriculum.gov.bc.ca/files/curriculum/physical-health-education/en_physical-health-education_12_fitness-and-conditioning_elab.pdf
Canada,British Columbia,,2019,Health,1-12,https://curriculum.gov.bc.ca/sites/curriculum.gov.bc.ca/files/curriculum/physical-health-education/en_physical-health-education_12_outdoor-education_elab.pdf
Canada,British Columbia,,2018,SocialStudies,1-10,https://curriculum.gov.bc.ca/sites/curriculum.gov.bc.ca/files/curriculum/social-studies/en_social-studies_10_elab.pdf
Canada,British Columbia,,2019,SocialStudies,1-11,https://curriculum.gov.bc.ca/sites/curriculum.gov.bc.ca/files/curriculum/social-studies/en_social-studies_11_explorations-in-social-studies_elab.pdf
Canada,British Columbia,,2019,SocialStudies,1-11,https://curriculum.gov.bc.ca/sites/curriculum.gov.bc.ca/files/curriculum/social-studies/en_social-studies_11_francophone-history_elab.pdf
Canada,British Columbia,,2019,SocialStudies,1-12,https://curriculum.gov.bc.ca/sites/curriculum.gov.bc.ca/files/curriculum/social-studies/en_social-studies_12_20th-century-world-history_elab.pdf
Canada,British Columbia,,2019,SocialStudies,1-12,https://curriculum.gov.bc.ca/sites/curriculum.gov.bc.ca/files/curriculum/social-studies/en_social-studies_12_asian-studies_elab.pdf
Canada,British Columbia,,2019,SocialStudies,1-12,https://curriculum.gov.bc.ca/sites/curriculum.gov.bc.ca/files/curriculum/social-studies/en_social-studies_12_bc-first-peoples_elab.pdf
Canada,British Columbia,,2019,SocialStudies,1-12,https://curriculum.gov.bc.ca/sites/curriculum.gov.bc.ca/files/curriculum/social-studies/en_social-studies_12_comparative-cultures_elab.pdf
Canada,British Columbia,,2019,SocialStudies,1-12,https://curriculum.gov.bc.ca/sites/curriculum.gov.bc.ca/files/curriculum/social-studies/en_social-studies_12_comparative-world-religions_elab.pdf
Canada,British Columbia,,2019,SocialStudies,1-12,https://curriculum.gov.bc.ca/sites/curriculum.gov.bc.ca/files/curriculum/social-studies/en_social-studies_12_contemporary-indigenous-studies_elab.pdf
Canada,British Columbia,,2019,SocialStudies,1-12,https://curriculum.gov.bc.ca/sites/curriculum.gov.bc.ca/files/curriculum/social-studies/en_social-studies_12_economic-theory_elab.pdf
Canada,British Columbia,,2019,SocialStudies,1-12,https://curriculum.gov.bc.ca/sites/curriculum.gov.bc.ca/files/curriculum/social-studies/en_social-studies_12_genocide-studies_elab.pdf
Canada,British Columbia,,2019,SocialStudies,1-12,https://curriculum.gov.bc.ca/sites/curriculum.gov.bc.ca/files/curriculum/social-studies/en_social-studies_12_human-geography_elab.pdf
Canada,British Columbia,,2019,SocialStudies,1-12,https://curriculum.gov.bc.ca/sites/curriculum.gov.bc.ca/files/curriculum/social-studies/en_social-studies_12_law-studies_elab.pdf
Canada,British Columbia,,2019,SocialStudies,1-12,https://curriculum.gov.bc.ca/sites/curriculum.gov.bc.ca/files/curriculum/social-studies/en_social-studies_12_philosophy_elab.pdf
Canada,British Columbia,,2019,SocialStudies,1-12,https://curriculum.gov.bc.ca/sites/curriculum.gov.bc.ca/files/curriculum/social-studies/en_social-studies_12_physical-geography_elab.pdf
Canada,British Columbia,,2019,SocialStudies,1-12,https://curriculum.gov.bc.ca/sites/curriculum.gov.bc.ca/files/curriculum/social-studies/en_social-studies_12_political-studies_elab.pdf
Canada,British Columbia,,2019,SocialStudies,1-12,https://curriculum.gov.bc.ca/sites/curriculum.gov.bc.ca/files/curriculum/social-studies/en_social-studies_12_social-justice_elab.pdf
Canada,British Columbia,,2019,SocialStudies,1-12,https://curriculum.gov.bc.ca/sites/curriculum.gov.bc.ca/files/curriculum/social-studies/en_social-studies_12_urban-studies_elab.pdf
Canada,British Columbia,,2019,Trades,1-11,https://curriculum.gov.bc.ca/sites/curriculum.gov.bc.ca/files/curriculum/additional-offerings/en_additional-offerings_11_youth-work-in-trades_elab.pdf
Canada,British Columbia,,2019,Trades,1-12,https://curriculum.gov.bc.ca/sites/curriculum.gov.bc.ca/files/curriculum/additional-offerings/en_additional-offerings_12_youth-work-in-trades_elab.pdf
Canada,British Columbia,,2019,Work Exp.,1-12,https://curriculum.gov.bc.ca/sites/curriculum.gov.bc.ca/files/curriculum/additional-offerings/en_additional-offerings_12A_work-experience_elab.pdf
Canada,British Columbia,,2019,Work Exp.,1-12,https://curriculum.gov.bc.ca/sites/curriculum.gov.bc.ca/files/curriculum/additional-offerings/en_additional-offerings_12B_work-experience_elab.pdf
Canada,British Columbia,,2019,Careers,10-12,https://curriculum.gov.bc.ca/sites/curriculum.gov.bc.ca/files/curriculum/career-education/en_career-education_k-12_career-life-education.pdf
Canada,British Columbia,,2019,Careers,10-12,https://curriculum.gov.bc.ca/sites/curriculum.gov.bc.ca/files/curriculum/career-education/en_career-education_k-12_career-life-connections_elab.pdf
Canada,Alberta,,2015,Aboriginal Studies,K-12,https://education.alberta.ca/media/563986/aboriginal-studies-10-20-30.pdf
Canada,Alberta,,2019,Career and Technology Foundations,5-09,https://education.alberta.ca/media/3795641/ctf-program-of-studies-jan-4-2019.pdf
Canada,Alberta,,2015,Career and Life Managment,9-12,https://education.alberta.ca/media/160199/calm.pdf
Canada,Alberta,,2015,Career and Technology Studies,9-12,https://education.alberta.ca/media/482254/philosophy.pdf
Canada,Alberta,,,English as a Second Lanuage,K-6,https://education.alberta.ca/english-as-a-second-language-k-6/esl-k-6/
Canada,Alberta,,,English as a Second Lanuage,7-09,https://education.alberta.ca/english-as-a-second-language-7-9/english-as-a-second-language-7-9/
Canada,Alberta,,2015,English as a Second Lanuage,10-12,https://education.alberta.ca/media/563750/high-school-esl-program-of-studies.pdf
Canada,Alberta,,2015,English Language Arts ,K-6,https://education.alberta.ca/media/160360/ela-pos-k-9.pdf
Canada,Alberta,,2015,English Language Arts ,7-09,https://education.alberta.ca/media/160402/ela-pos-k-9.pdf
Canada,Alberta,,2015,English Language Arts ,10-12,https://education.alberta.ca/media/160418/ela-pos-10-12.pdf
Canada,Alberta,,1990,Environmental and Outdoor Education,7-09,https://education.alberta.ca/media/3114964/eoed.pdf
Canada,Alberta,,1989,Ethics,1-08,https://education.alberta.ca/media/3114965/jhethics.pdf
Canada,Alberta,,2015,Art,1-06,https://education.alberta.ca/media/482114/elemart.pdf
Canada,Alberta,,2015,Music,1-06,https://education.alberta.ca/media/482116/elemusic.pdf
Canada,Alberta,,2015,Drama,1-06,https://education.alberta.ca/media/482115/elemdram.pdf
Canada,Alberta,,2015,Art,7-09,https://education.alberta.ca/media/482118/jhart.pdf
Canada,Alberta,,2015,Music,7-09,https://education.alberta.ca/media/482121/jhmusic.pdf
Canada,Alberta,,2015,Drama,7-09,https://education.alberta.ca/media/482120/jhdrama.pdf
Canada,Alberta,,2015,General Art Courses,10-12,https://education.alberta.ca/media/482122/shargen.pdf
Canada,Alberta,,2015,Art,1-10,https://education.alberta.ca/media/482110/art10.pdf
Canada,Alberta,,2015,Art,1-11,https://education.alberta.ca/media/482111/art11.pdf
Canada,Alberta,,2015,Drama,10-12,https://education.alberta.ca/media/482113/drama10.pdf
Canada,Alberta,,2015,Choral Music,10-12,https://education.alberta.ca/media/482112/cm10.pdf
Canada,Alberta,,2015,General Music,10-12,https://education.alberta.ca/media/482117/genmus10.pdf
Canada,Alberta,,2015,Instrumental Music,10-12,https://education.alberta.ca/media/482119/instmu10.pdf
Canada,Alberta,,2015,French as a Second Language,4-06,https://education.alberta.ca/media/160306/nine_year.pdf
Canada,Alberta,,2015,French as a Second Language,7-09,https://education.alberta.ca/media/160306/nine_year.pdf
Canada,Alberta,,2015,French as a Second Language,10-12,https://education.alberta.ca/media/160336/threey.pdf
Canada,Alberta,,2015,Health and Life Skills,K-9,https://education.alberta.ca/media/160196/health.pdf
Canada,Alberta,,2016,Information & Communication Technology,9-12,https://education.alberta.ca/media/3114953/ictpos.pdf
Canada,Alberta,,2018,Arabic,K-6,https://education.alberta.ca/media/3772294/arabic-language-arts-k-12.pdf
Canada,Alberta,,2015,Chinese,4-06,https://education.alberta.ca/media/160444/chinese-language-and-culture-nine-year-program-grades-4-5-6.pdf
Canada,Alberta,,2015,Chinese,K-9,https://education.alberta.ca/media/160446/chinese-language-arts-kindergarten-to-grade-9.pdf
Canada,Alberta,,2015,German,K-9,https://education.alberta.ca/media/160453/german-language-arts-kindergarten-to-grade-9.pdf
Canada,Alberta,,2015,Italian,K-6,https://education.alberta.ca/media/160447/italian-language-and-culture-twelve-year-program-kindergarten-to-grade-6.pdf
Canada,Alberta,,2015,Japanese,4-06,https://education.alberta.ca/media/160448/japanese-language-and-culture-nine-year-program-grades-4-5-6.pdf
Canada,Alberta,,2015,Punjabi,4-06,https://education.alberta.ca/media/160454/punjabi-language-and-culture-nine-year-program-grades-4-5-6.pdf
Canada,Alberta,,2015,Spanish,K-6,https://education.alberta.ca/media/160449/spanish-language-arts-kindergarten-to-grade-6.pdf
Canada,Alberta,,2019,Ukrainian,K-9,https://education.alberta.ca/media/3795902/ukrainian-language-arts-kindergarten-to-grade-9.pdf
Canada,Alberta,,2018,Arabic,K-12,https://education.alberta.ca/media/3772294/arabic-language-arts-k-12.pdf
Canada,Alberta,,2015,Spanish,7-09,https://education.alberta.ca/media/371311/spanish-language-arts-grades-7-8-9.pdf
Canada,Alberta,,2015,Punjabi,7-09,https://education.alberta.ca/media/371315/punjabi-language-and-culture-nine-year-program-grades-7-8-9.pdf
Canada,Alberta,,2015,Japanese,7-09,https://education.alberta.ca/media/371305/japanese-language-and-culture-six-year-program-grades-7-8-9.pdf
Canada,Alberta,,2015,Italian,7-09,https://education.alberta.ca/media/371308/italian-language-and-culture-twelve-year-program-grades-7-8-9.pdf
Canada,Alberta,,2015,Japanese,7-09,https://education.alberta.ca/media/371305/japanese-language-and-culture-six-year-program-grades-7-8-9.pdf
Canada,Alberta,,2018,Arabic,10-12,https://education.alberta.ca/media/3772294/arabic-language-arts-k-12.pdf
Canada,Alberta,,2015,Chinese,10-12,https://education.alberta.ca/media/381127/chinese-language-arts-10-20-30.pdf
Canada,Alberta,,2015,German,10-12,https://education.alberta.ca/media/381134/german-language-arts-10-20-30.pdf
Canada,Alberta,,2015,Italian,10-12,https://education.alberta.ca/media/381133/italian-language-and-culture-10-12y-20-12y-30-12y.pdf
Canada,Alberta,,2015,Japanese,10-12,https://education.alberta.ca/media/381137/japanese-language-and-culture-10-9y-20-9y-30-9y.pdf
Canada,Alberta,,2015,Latin,10-12,https://education.alberta.ca/media/381138/latin.pdf
Canada,Alberta,,2015,Punjabi,10-12,https://education.alberta.ca/media/381139/punjabi-language-and-culture-nine-year-program-10-9y-20-9y-30-9y.pdf
Canada,Alberta,,2015,Spanish,10-12,https://education.alberta.ca/media/381146/spanish-language-arts-10-20-30.pdf
Canada,Alberta,,2015,Ukrainian,10-12,https://education.alberta.ca/media/381143/ukrainian-language-and-culture-10-9y-20-9y-30-9y.pdf
Canada,Alberta,,,Knowledge and Employability,8-12,https://education.alberta.ca/knowledge-and-employability/ke-courses/
Canada,Alberta,,2016,Mathematics,K-6,https://education.alberta.ca/media/3115252/2016_k_to_9_math_pos.pdf
Canada,Alberta,,2015,Mathematics,7-09,https://education.alberta.ca/media/481794/en-lexique-math-juillet2015.pdf
Canada,Alberta,,2015,Mathematics,10-12,https://education.alberta.ca/media/564028/math10to12.pdf
Canada,Alberta,,2015,Work Experience,9-12,https://education.alberta.ca/media/160401/workexp.pdf
Canada,Alberta,,2015,Career Internship,9-12,https://education.alberta.ca/media/160356/carintern.pdf
Canada,Alberta,,2018,Green Certificate Program,9-12,https://education.alberta.ca/media/3402184/green-certificate-program.pdf
Canada,Alberta,,2015,Physical Education,K-12,https://education.alberta.ca/media/160191/phys2000.pdf
Canada,Alberta,,2015,Science,K-6,https://education.alberta.ca/media/159711/elemsci.pdf
Canada,Alberta,,2017,Science,7-09,https://education.alberta.ca/media/3069389/pos_science_7_9.pdf
Canada,Alberta,,2016,Science 10,10-12,https://education.alberta.ca/media/3069384/pos_science_10.pdf
Canada,Alberta,,2016,Science 14,10-12,https://education.alberta.ca/media/3069383/pos_science_14_24.pdf
Canada,Alberta,,2016,Biology,10-12,https://education.alberta.ca/media/3069386/pos_bio_20_30.pdf
Canada,Alberta,,2016,Chemistry,10-12,https://education.alberta.ca/media/3069388/pos_chem_20_30.pdf
Canada,Alberta,,2016,Physics,10-12,https://education.alberta.ca/media/3069387/pos_phys_20_30.pdf
Canada,Alberta,,2016,Science 20 and 30,10-12,https://education.alberta.ca/media/3069385/pos_science_20_30.pdf
Canada,Alberta,,2015,Knowledge and Employability Science,10-12,https://education.alberta.ca/media/160494/science-10-4-20-4.pdf
Canada,Alberta,,2015,Social Sciences,10-12,https://education.alberta.ca/media/159534/social-sciences-20-30-introduction.pdf
Canada,Alberta,,2015,Anthropology,10-12,https://education.alberta.ca/media/159528/anthropology-30.pdf
Canada,Alberta,,2015,Economics,10-12,https://education.alberta.ca/media/159526/economics-20-30.pdf
Canada,Alberta,,2015,Geography,10-12,https://education.alberta.ca/media/159527/geography-20-30.pdf
Canada,Alberta,,2015,History,10-12,https://education.alberta.ca/media/159529/history-20-30.pdf
Canada,Alberta,,2015,Philosophy,10-12,https://education.alberta.ca/media/159530/philosophy-20-30.pdf
Canada,Alberta,,2015,Political Science,10-12,https://education.alberta.ca/media/159531/political-science-20-30.pdf
Canada,Alberta,,2015,Psychology,10-12,https://education.alberta.ca/media/159533/psychology-20-30.pdf
Canada,Alberta,,2015,Religious Studies,10-12,https://education.alberta.ca/media/159532/religious-studies-20-30.pdf
Canada,Alberta,,2015,Sociology,10-12,https://education.alberta.ca/media/159535/sociology-20-30.pdf
Canada,Alberta,,2015,Social Studies,K-3,https://education.alberta.ca/media/159594/program-of-studies-k-3.pdf
Canada,Alberta,,2015,Social Studies,1-04,https://education.alberta.ca/media/159595/program-of-studies-gr-4.pdf
Canada,Alberta,,2015,Social Studies,1-05,https://education.alberta.ca/media/159596/program-of-studies-grade-5.pdf
Canada,Alberta,,2015,Social Studies,1-06,https://education.alberta.ca/media/159597/program-of-studies-grade-6.pdf
Canada,Alberta,,2015,Social Studies,1-07,https://education.alberta.ca/media/160200/program-of-study-grade-7.pdf
Canada,Alberta,,2015,Social Studies,1-08,https://education.alberta.ca/media/160201/program-of-study-grade-8.pdf
Canada,Alberta,,2015,Social Studies,1-09,https://education.alberta.ca/media/160202/program-of-study-grade-9.pdf
Canada,Alberta,,2015,Social Studies,1-10,https://education.alberta.ca/media/160209/program-of-study-grade-10.pdf
Canada,Alberta,,2015,Social Studies,1-11,https://education.alberta.ca/media/160210/program-of-study-grade-11.pdf
Canada,Alberta,,2015,Social Studies,1-12,https://education.alberta.ca/media/3386090/program-of-study-grade-12.pdf
Canada,Alberta,,2016,Special Projects,,https://education.alberta.ca/media/3114966/specproj.pdf
Canada,Manitoba,,2020,Anglais,4-12,https://www.edu.gov.mb.ca/k12/docs/anglais/document_orientation/full_doc.pdf
Canada,Manitoba,,2017,Arts Education,9-12,https://www.edu.gov.mb.ca/k12/cur/arts/docs/arts_9-12_impl_guide.pdf
Canada,Manitoba,,2015,Dance,9-12,https://www.edu.gov.mb.ca/k12/cur/arts/docs/dance_9-12.pdf
Canada,Manitoba,,2015,Dramatic Arts,9-12,https://www.edu.gov.mb.ca/k12/cur/arts/docs/dramatic_arts_9-12.pdf
Canada,Manitoba,,2015,Music,9-12,https://www.edu.gov.mb.ca/k12/cur/arts/docs/music_9-12.pdf
Canada,Manitoba,,2015,Visual Arts,9-12,https://www.edu.gov.mb.ca/k12/cur/arts/docs/visual_9-12.pdf
Canada,Manitoba,,2018,Career Education,9-12,https://www.edu.gov.mb.ca/k12/cur/cardev/pdf/cd_brochure.pdf
Canada,Manitoba,,2014,Education for Sustainable Development,K-12,https://www.edu.gov.mb.ca/k12/esd/pdfs/esd_mb.pdf
Canada,Manitoba,,2005,English as Additional Language,K-12,https://www.edu.gov.mb.ca/k12/cur/eal/framework/section7.pdf
Canada,Manitoba,,2019,English Language Arts,K-8,https://www.edu.gov.mb.ca/k12/cur/ela/framework/full_doc.pdf
Canada,Manitoba,,1996,English Language Arts - Immersion,K-12,https://www.edu.gov.mb.ca/k12/cur/ela/docs/s1_framework/s1_fulldoc.pdf
Canada,Manitoba,,2016,Francais arts langagiers - Immersion,K-12,https://www.edu.gov.mb.ca/m12/frpub/ped/fl2/cadre_m-12/docs/document_complet.pdf
Canada,Manitoba,,2017,French - English Program,K-3,http://www.edu.gov.mb.ca/m12/frpub/ped/fdb/cadre_m-3/docs/doc_complet.pdf
Canada,Manitoba,,2014,French - English Program,4-12,https://www.edu.gov.mb.ca/m12/frpub/ped/fdb/cadre_4-12/docs/1_document_complet.pdf
Canada,Manitoba,,2007,Indigenous Education,K-12,https://www.edu.gov.mb.ca/k12/abedu/framework/index.html
Canada,Manitoba,,2007,Information and Communication Technology (ICT),K-12,https://www.edu.gov.mb.ca/k12/cur/ict/sy_ict_brochure.pdf
Canada,Manitoba,,2004,Computer Science,K-12,https://www.edu.gov.mb.ca/k12/cur/cs/framework.pdf
Canada,Manitoba,,2001,International and Heritage languages,K-12,https://education.alberta.ca/media/481786/the-common-curriculum-framework-for-international-languages-alberta-version-kindergarten-to-grade-12.pdf
Canada,Manitoba,,2000,Aboriginal Language,K-12,https://www.edu.gov.mb.ca/abedu/wncp_ab_lang_culture.pdf
Canada,Manitoba,,1999,Bilingual Programming,K-12,https://education.alberta.ca/media/481780/the-common-curriculum-framework-for-bilingual-programming-in-international-languages.pdf
Canada,Manitoba,,2013,Mathematics,K-8,https://www.edu.gov.mb.ca/k12/cur/math/framework_k-8/full_doc.pdf
Canada,Manitoba,,2014,Mathematics,9-12,https://www.edu.gov.mb.ca/k12/cur/math/framework_9-12/full_doc.pdf
Canada,Manitoba,,2001,Physical Education/Health Education,K-4,https://www.edu.gov.mb.ca/k12/cur/physhlth/foundation/index.html
Canada,Manitoba,,2002,Physical Education/Health Education,5-08,https://www.edu.gov.mb.ca/k12/cur/physhlth/foundation/5-8/full_doc.pdf
Canada,Manitoba,,2000,Physical Education/Health Education,9-12,https://www.edu.gov.mb.ca/k12/cur/physhlth/framework/index.html
Canada,Manitoba,,2010,Psychology,1-12,https://www.edu.gov.mb.ca/k12/cur/psych/overview.pdf
Canada,Manitoba,,1999,Science,K-4,https://www.edu.gov.mb.ca/k12/cur/science/outcomes/k-4/full_doc.pdf
Canada,Manitoba,,2000,Science,5-08,https://www.edu.gov.mb.ca/k12/cur/science/outcomes/5-8/full_doc.pdf
Canada,Manitoba,,2000,Science,1-09,https://www.edu.gov.mb.ca/k12/cur/science/outcomes/s1/full_doc.pdf
Canada,Manitoba,,2001,Science,1-10,https://www.edu.gov.mb.ca/k12/cur/science/outcomes/s2/foundations.pdf
Canada,Manitoba,,2010,Biology,1-11,https://www.edu.gov.mb.ca/k12/cur/science/found/gr11_bio/gr11_biology.pdf
Canada,Manitoba,,2011,Biology,1-12,https://www.edu.gov.mb.ca/k12/cur/science/found/gr12_bio/full_doc.pdf
Canada,Manitoba,,2006,Chemistry,1-11,https://www.edu.gov.mb.ca/k12/cur/science/found/gr11_chem/full_doc.pdf
Canada,Manitoba,,2013,Chemistry,1-12,https://www.edu.gov.mb.ca/k12/cur/science/found/gr12_chem/full_doc.pdf
Canada,Manitoba,,2003,Physics,1-11,https://www.edu.gov.mb.ca/k12/cur/science/found/physics30s/full_doc.pdf
Canada,Manitoba,,2005,Physics,1-12,https://www.edu.gov.mb.ca/k12/cur/science/found/physics40s/full_doc.pdf
Canada,Manitoba,,,Social Studies,K-4,https://www.edu.gov.mb.ca/k12/cur/socstud/framework/k-8framework.pdf
Canada,Manitoba,,2003,Social Studies,5-08,https://www.edu.gov.mb.ca/k12/cur/socstud/framework/k-8framework.pdf
Canada,Manitoba,,2007,Social Studies,1-09,https://www.edu.gov.mb.ca/k12/cur/socstud/foundation_gr9/document.pdf
Canada,Manitoba,,2006,Social Studies,1-10,https://www.edu.gov.mb.ca/k12/cur/socstud/frame_found_sr2/s2_full_doc.pdf
Canada,Manitoba,,,Social Studies,1-11,https://www.edu.gov.mb.ca/k12/cur/socstud/history_gr11/framework_chart.pdf
Canada,Manitoba,,2017,Social Studies,1-12,https://www.edu.gov.mb.ca/k12/cur/socstud/global_issues/full_doc.pdf
Canada,Manitoba,,2019,Sustainable Tourism,11-12,https://www.edu.gov.mb.ca/k12/cur/tourism/docs/full_doc.pdf
Nigeria,,WASSCE,2014,Agricultural Science,,https://tools.hitch.video/curricula/wassce/AGRICULTURAL_SCIENCE.docx
Nigeria,,WASSCE,2014,Agricultural Science,,https://tools.hitch.video/curricula/wassce/AGRICULTURAL_SCIENCE.pdf
Nigeria,,WASSCE,2014,Applied Electricity or Basic Electricity,,https://tools.hitch.video/curricula/wassce/APPLIED_ELECTRICITY_OR_BASIC_ELECTRICITY.docx
Nigeria,,WASSCE,2014,Applied Electricity or Basic Electricity,,https://tools.hitch.video/curricula/wassce/APPLIED_ELECTRICITY_OR_BASIC_ELECTRICITY.pdf
Nigeria,,WASSCE,2014,Auto Body Repairs and Spray Painting,,https://tools.hitch.video/curricula/wassce/AUTO_BODY_REPAIRS_AND_SPRAY_PAINTING.doc
Nigeria,,WASSCE,2014,Auto Body Repairs and Spray Painting,,https://tools.hitch.video/curricula/wassce/AUTO_BODY_REPAIRS_AND_SPRAY_PAINTING.pdf
Nigeria,,WASSCE,2014,Auto Electrical Work,,https://tools.hitch.video/curricula/wassce/AUTO_ELECTRICAL_WORK.docx
Nigeria,,WASSCE,2014,Auto Electrical Work,,https://tools.hitch.video/curricula/wassce/AUTO_ELECTRICAL_WORK.pdf
Nigeria,,WASSCE,2014,Auto Mechanical Work,,https://tools.hitch.video/curricula/wassce/AUTO_MECHANICAL_WORK.docx
Nigeria,,WASSCE,2014,Auto Mechanical Work,,https://tools.hitch.video/curricula/wassce/AUTO_MECHANICAL_WORK.pdf
Nigeria,,WASSCE,2014,Auto Mechanics,,https://tools.hitch.video/curricula/wassce/AUTO_MECHANICS.doc
Nigeria,,WASSCE,2014,Auto Mechanics,,https://tools.hitch.video/curricula/wassce/AUTO_MECHANICS.pdf
Nigeria,,WASSCE,2014,Auto Parts Merchandising,,https://tools.hitch.video/curricula/wassce/AUTO_PARTS_MERCHANDISING.docx
Nigeria,,WASSCE,2014,Auto Parts Merchandising,,https://tools.hitch.video/curricula/wassce/AUTO_PARTS_MERCHANDISING.pdf
Nigeria,,WASSCE,2014,Basketry,,https://tools.hitch.video/curricula/wassce/BASKETRY.docx
Nigeria,,WASSCE,2014,Basketry,,https://tools.hitch.video/curricula/wassce/BASKETRY.pdf
Nigeria,,WASSCE,2014,Biology,,https://tools.hitch.video/curricula/wassce/BIOLOGY.doc
Nigeria,,WASSCE,2014,Biology,,https://tools.hitch.video/curricula/wassce/BIOLOGY.pdf
Nigeria,,WASSCE,2014,Blocklaying Bricklaying and Concreting,,https://tools.hitch.video/curricula/wassce/BLOCKLAYING_BRICKLAYING_AND_CONCRETING.docx
Nigeria,,WASSCE,2014,Blocklaying Bricklaying and Concreting,,https://tools.hitch.video/curricula/wassce/BLOCKLAYING_BRICKLAYING_AND_CONCRETING.pdf
Nigeria,,WASSCE,2014,Book Keeping,,https://tools.hitch.video/curricula/wassce/BOOK_KEEPING.doc
Nigeria,,WASSCE,2014,Book Keeping,,https://tools.hitch.video/curricula/wassce/BOOK_KEEPING.pdf
Nigeria,,WASSCE,2014,Building Construction,,https://tools.hitch.video/curricula/wassce/BUILDING_CONSTRUCTION.docx
Nigeria,,WASSCE,2014,Building Construction,,https://tools.hitch.video/curricula/wassce/BUILDING_CONSTRUCTION.pdf
Nigeria,,WASSCE,2014,Business Management,,https://tools.hitch.video/curricula/wassce/BUSINESS_MANAGEMENT.docx
Nigeria,,WASSCE,2014,Business Management,,https://tools.hitch.video/curricula/wassce/BUSINESS_MANAGEMENT.pdf
Nigeria,,WASSCE,2014,Capentry and Joinery,,https://tools.hitch.video/curricula/wassce/CAPENTRY_AND_JOINERY.docx
Nigeria,,WASSCE,2014,Capentry and Joinery,,https://tools.hitch.video/curricula/wassce/CAPENTRY_AND_JOINERY.pdf
Nigeria,,WASSCE,2014,Catering Craft Practice,,https://tools.hitch.video/curricula/wassce/CATERING_CRAFT_PRACTICE.docx
Nigeria,,WASSCE,2014,Catering Craft Practice,,https://tools.hitch.video/curricula/wassce/CATERING_CRAFT_PRACTICE.pdf
Nigeria,,WASSCE,2014,Ceramics,,https://tools.hitch.video/curricula/wassce/CERAMICS.docx
Nigeria,,WASSCE,2014,Ceramics,,https://tools.hitch.video/curricula/wassce/CERAMICS.pdf
Nigeria,,WASSCE,2014,Chemistry,,https://tools.hitch.video/curricula/wassce/CHEMISTRY.doc
Nigeria,,WASSCE,2014,Chemistry,,https://tools.hitch.video/curricula/wassce/CHEMISTRY.pdf
Nigeria,,WASSCE,2014,Christian Religious Studies New,,https://tools.hitch.video/curricula/wassce/CHRISTIAN_RELIGIOUS_STUDIES_NEW.doc
Nigeria,,WASSCE,2014,Christian Religious Studies New,,https://tools.hitch.video/curricula/wassce/CHRISTIAN_RELIGIOUS_STUDIES_NEW.pdf
Nigeria,,WASSCE,2014,Civic Education,,https://tools.hitch.video/curricula/wassce/CIVIC_EDUCATION.doc
Nigeria,,WASSCE,2014,Civic Education,,https://tools.hitch.video/curricula/wassce/CIVIC_EDUCATION.pdf
Nigeria,,WASSCE,2014,Clerical Office Duties,,https://tools.hitch.video/curricula/wassce/CLERICAL_OFFICE_DUTIES.docx
Nigeria,,WASSCE,2014,Clerical Office Duties,,https://tools.hitch.video/curricula/wassce/CLERICAL_OFFICE_DUTIES.pdf
Nigeria,,WASSCE,2014,Clothing and Textiles,,https://tools.hitch.video/curricula/wassce/CLOTHING_AND_TEXTILES.docx
Nigeria,,WASSCE,2014,Clothing and Textiles,,https://tools.hitch.video/curricula/wassce/CLOTHING_AND_TEXTILES.pdf
Nigeria,,WASSCE,2014,Commerce,,https://tools.hitch.video/curricula/wassce/COMMERCE.docx
Nigeria,,WASSCE,2014,Commerce,,https://tools.hitch.video/curricula/wassce/COMMERCE.pdf
Nigeria,,WASSCE,2014,Computer Studies,,https://tools.hitch.video/curricula/wassce/COMPUTER_STUDIES.docx
Nigeria,,WASSCE,2014,Computer Studies,,https://tools.hitch.video/curricula/wassce/COMPUTER_STUDIES.pdf
Nigeria,,WASSCE,2014,Cosmetology,,https://tools.hitch.video/curricula/wassce/COSMETOLOGY.docx
Nigeria,,WASSCE,2014,Cosmetology,,https://tools.hitch.video/curricula/wassce/COSMETOLOGY.pdf
Nigeria,,WASSCE,2014,Crop Husbandry and Horticulture,,https://tools.hitch.video/curricula/wassce/CROP_HUSBANDRY_AND_HORTICULTURE.docx
Nigeria,,WASSCE,2014,Crop Husbandry and Horticulture,,https://tools.hitch.video/curricula/wassce/CROP_HUSBANDRY_AND_HORTICULTURE.pdf
Nigeria,,WASSCE,2014,Data Processing,,https://tools.hitch.video/curricula/wassce/DATA_PROCESSING.docx
Nigeria,,WASSCE,2014,Data Processing,,https://tools.hitch.video/curricula/wassce/DATA_PROCESSING.pdf
Nigeria,,WASSCE,2014,Dyeing Bleaching,,https://tools.hitch.video/curricula/wassce/DYEING_BLEACHING.docx
Nigeria,,WASSCE,2014,Dyeing Bleaching,,https://tools.hitch.video/curricula/wassce/DYEING_BLEACHING.pdf
Nigeria,,WASSCE,2014,Economics,,https://tools.hitch.video/curricula/wassce/ECONOMICS.doc
Nigeria,,WASSCE,2014,Economics,,https://tools.hitch.video/curricula/wassce/ECONOMICS.pdf
Nigeria,,WASSCE,2014,Efik,,https://tools.hitch.video/curricula/wassce/EFIK.docx
Nigeria,,WASSCE,2014,Efik,,https://tools.hitch.video/curricula/wassce/EFIK.pdf
Nigeria,,WASSCE,2014,Electrical Installation and Maintenance Work,,https://tools.hitch.video/curricula/wassce/ELECTRICAL_INSTALLATION_AND_MAINTENANCE_WORK.doc
Nigeria,,WASSCE,2014,Electrical Installation and Maintenance Work,,https://tools.hitch.video/curricula/wassce/ELECTRICAL_INSTALLATION_AND_MAINTENANCE_WORK.pdf
Nigeria,,WASSCE,2014,Electronics or Basic Electronics,,https://tools.hitch.video/curricula/wassce/ELECTRONICS_OR_BASIC_ELECTRONICS.docx
Nigeria,,WASSCE,2014,Electronics or Basic Electronics,,https://tools.hitch.video/curricula/wassce/ELECTRONICS_OR_BASIC_ELECTRONICS.pdf
Nigeria,,WASSCE,2014,English Language,,https://tools.hitch.video/curricula/wassce/ENGLISH_LANGUAGE.docx
Nigeria,,WASSCE,2014,English Language,,https://tools.hitch.video/curricula/wassce/ENGLISH_LANGUAGE.pdf
Nigeria,,WASSCE,2014,Financial Accounting,,https://tools.hitch.video/curricula/wassce/FINANCIAL_ACCOUNTING.doc
Nigeria,,WASSCE,2014,Financial Accounting,,https://tools.hitch.video/curricula/wassce/FINANCIAL_ACCOUNTING.pdf
Nigeria,,WASSCE,2014,Financial Accounts,,https://tools.hitch.video/curricula/wassce/FINANCIAL_ACCOUNTS.doc
Nigeria,,WASSCE,2014,Financial Accounts,,https://tools.hitch.video/curricula/wassce/FINANCIAL_ACCOUNTS.pdf
Nigeria,,WASSCE,2014,Fisheries Alta,,https://tools.hitch.video/curricula/wassce/FISHERIES_ALTA.docx
Nigeria,,WASSCE,2014,Fisheries Alta,,https://tools.hitch.video/curricula/wassce/FISHERIES_ALTA.pdf
Nigeria,,WASSCE,2014,Fisheries Altb,,https://tools.hitch.video/curricula/wassce/FISHERIES_ALTB.docx
Nigeria,,WASSCE,2014,Fisheries Altb,,https://tools.hitch.video/curricula/wassce/FISHERIES_ALTB.pdf
Nigeria,,WASSCE,2014,Foods and Nutrition,,https://tools.hitch.video/curricula/wassce/FOODS_AND_NUTRITION.docx
Nigeria,,WASSCE,2014,Foods and Nutrition,,https://tools.hitch.video/curricula/wassce/FOODS_AND_NUTRITION.pdf
Nigeria,,WASSCE,2014,Forestry,,https://tools.hitch.video/curricula/wassce/FORESTRY.docx
Nigeria,,WASSCE,2014,Forestry,,https://tools.hitch.video/curricula/wassce/FORESTRY.pdf
Nigeria,,WASSCE,2014,French,,https://tools.hitch.video/curricula/wassce/FRENCH.docx
Nigeria,,WASSCE,2014,French,,https://tools.hitch.video/curricula/wassce/FRENCH.pdf
Nigeria,,WASSCE,2014,Furniture Making,,https://tools.hitch.video/curricula/wassce/FURNITURE_MAKING.docx
Nigeria,,WASSCE,2014,Furniture Making,,https://tools.hitch.video/curricula/wassce/FURNITURE_MAKING.pdf
Nigeria,,WASSCE,2014,Further Mathematics or Mathematics Elective,,https://tools.hitch.video/curricula/wassce/FURTHER_MATHEMATICS_OR_MATHEMATICS_ELECTIVE.docx
Nigeria,,WASSCE,2014,Further Mathematics or Mathematics Elective,,https://tools.hitch.video/curricula/wassce/FURTHER_MATHEMATICS_OR_MATHEMATICS_ELECTIVE.pdf
Nigeria,,WASSCE,2014,Garment Making,,https://tools.hitch.video/curricula/wassce/GARMENT_MAKING.doc
Nigeria,,WASSCE,2014,Garment Making,,https://tools.hitch.video/curricula/wassce/GARMENT_MAKING.pdf
Nigeria,,WASSCE,2014,General Agriculture,,https://tools.hitch.video/curricula/wassce/GENERAL_AGRICULTURE.docx
Nigeria,,WASSCE,2014,General Agriculture,,https://tools.hitch.video/curricula/wassce/GENERAL_AGRICULTURE.pdf
Nigeria,,WASSCE,2014,General Knowledge In Art,,https://tools.hitch.video/curricula/wassce/GENERAL_KNOWLEDGE_IN_ART.docx
Nigeria,,WASSCE,2014,General Knowledge In Art,,https://tools.hitch.video/curricula/wassce/GENERAL_KNOWLEDGE_IN_ART.pdf
Nigeria,,WASSCE,2014,General Mathematics or Mathematics Core,,https://tools.hitch.video/curricula/wassce/GENERAL_MATHEMATICS_OR_MATHEMATICS_CORE.docx
Nigeria,,WASSCE,2014,General Mathematics or Mathematics Core,,https://tools.hitch.video/curricula/wassce/GENERAL_MATHEMATICS_OR_MATHEMATICS_CORE.pdf
Nigeria,,WASSCE,2014,Geography,,https://tools.hitch.video/curricula/wassce/GEOGRAPHY.doc
Nigeria,,WASSCE,2014,Geography,,https://tools.hitch.video/curricula/wassce/GEOGRAPHY.pdf
Nigeria,,WASSCE,2014,Ghanaian Languages,,https://tools.hitch.video/curricula/wassce/GHANAIAN_LANGUAGES.docx
Nigeria,,WASSCE,2014,Ghanaian Languages,,https://tools.hitch.video/curricula/wassce/GHANAIAN_LANGUAGES.pdf
Nigeria,,WASSCE,2014,Government,,https://tools.hitch.video/curricula/wassce/GOVERNMENT.doc
Nigeria,,WASSCE,2014,Government,,https://tools.hitch.video/curricula/wassce/GOVERNMENT.pdf
Nigeria,,WASSCE,2014,Graphic Design,,https://tools.hitch.video/curricula/wassce/GRAPHIC_DESIGN.docx
Nigeria,,WASSCE,2014,Graphic Design,,https://tools.hitch.video/curricula/wassce/GRAPHIC_DESIGN.pdf
Nigeria,,WASSCE,2014,Gsm Phones Maintenance and Repairs,,https://tools.hitch.video/curricula/wassce/GSM_PHONES_MAINTENANCE_AND_REPAIRS.doc
Nigeria,,WASSCE,2014,Gsm Phones Maintenance and Repairs,,https://tools.hitch.video/curricula/wassce/GSM_PHONES_MAINTENANCE_AND_REPAIRS.pdf
Nigeria,,WASSCE,2014,Hausa,,https://tools.hitch.video/curricula/wassce/HAUSA.docx
Nigeria,,WASSCE,2014,Hausa,,https://tools.hitch.video/curricula/wassce/HAUSA.pdf
Nigeria,,WASSCE,2014,Health Education or Health Science,,https://tools.hitch.video/curricula/wassce/HEALTH_EDUCATION_OR_HEALTH_SCIENCE.docx
Nigeria,,WASSCE,2014,Health Education or Health Science,,https://tools.hitch.video/curricula/wassce/HEALTH_EDUCATION_OR_HEALTH_SCIENCE.pdf
Nigeria,,WASSCE,2014,History,,https://tools.hitch.video/curricula/wassce/HISTORY.doc
Nigeria,,WASSCE,2014,History,,https://tools.hitch.video/curricula/wassce/HISTORY.pdf
Nigeria,,WASSCE,2014,Home Management,,https://tools.hitch.video/curricula/wassce/HOME_MANAGEMENT.doc
Nigeria,,WASSCE,2014,Home Management,,https://tools.hitch.video/curricula/wassce/HOME_MANAGEMENT.pdf
Nigeria,,WASSCE,2014,Ibibio,,https://tools.hitch.video/curricula/wassce/IBIBIO.docx
Nigeria,,WASSCE,2014,Ibibio,,https://tools.hitch.video/curricula/wassce/IBIBIO.pdf
Nigeria,,WASSCE,2014,Igbo,,https://tools.hitch.video/curricula/wassce/IGBO.docx
Nigeria,,WASSCE,2014,Igbo,,https://tools.hitch.video/curricula/wassce/IGBO.pdf
Nigeria,,WASSCE,2014,Information and Communication Technology Core,,https://tools.hitch.video/curricula/wassce/INFORMATION_AND_COMMUNICATION_TECHNOLOGY_CORE.docx
Nigeria,,WASSCE,2014,Information and Communication Technology Core,,https://tools.hitch.video/curricula/wassce/INFORMATION_AND_COMMUNICATION_TECHNOLOGY_CORE.pdf
Nigeria,,WASSCE,2014,Information and Communication Technology Elective,,https://tools.hitch.video/curricula/wassce/INFORMATION_AND_COMMUNICATION_TECHNOLOGY_ELECTIVE.docx
Nigeria,,WASSCE,2014,Information and Communication Technology Elective,,https://tools.hitch.video/curricula/wassce/INFORMATION_AND_COMMUNICATION_TECHNOLOGY_ELECTIVE.pdf
Nigeria,,WASSCE,2014,Insurance,,https://tools.hitch.video/curricula/wassce/INSURANCE.docx
Nigeria,,WASSCE,2014,Insurance,,https://tools.hitch.video/curricula/wassce/INSURANCE.pdf
Nigeria,,WASSCE,2014,Integrated Science,,https://tools.hitch.video/curricula/wassce/INTEGRATED_SCIENCE.docx
Nigeria,,WASSCE,2014,Integrated Science,,https://tools.hitch.video/curricula/wassce/INTEGRATED_SCIENCE.pdf
Nigeria,,WASSCE,2014,Islamic Religious Studies,,https://tools.hitch.video/curricula/wassce/ISLAMIC_RELIGIOUS_STUDIES.doc
Nigeria,,WASSCE,2014,Islamic Religious Studies,,https://tools.hitch.video/curricula/wassce/ISLAMIC_RELIGIOUS_STUDIES.pdf
Nigeria,,WASSCE,2014,Jewellery,,https://tools.hitch.video/curricula/wassce/JEWELLERY.docx
Nigeria,,WASSCE,2014,Jewellery,,https://tools.hitch.video/curricula/wassce/JEWELLERY.pdf
Nigeria,,WASSCE,2014,Leatherwork,,https://tools.hitch.video/curricula/wassce/LEATHERWORK.docx
Nigeria,,WASSCE,2014,Leatherwork,,https://tools.hitch.video/curricula/wassce/LEATHERWORK.pdf
Nigeria,,WASSCE,2014,Leather Goods,,https://tools.hitch.video/curricula/wassce/LEATHER_GOODS.docx
Nigeria,,WASSCE,2014,Leather Goods,,https://tools.hitch.video/curricula/wassce/LEATHER_GOODS.pdf
Nigeria,,WASSCE,2014,Literature In English,,https://tools.hitch.video/curricula/wassce/LITERATURE_IN_ENGLISH.docx
Nigeria,,WASSCE,2014,Literature In English,,https://tools.hitch.video/curricula/wassce/LITERATURE_IN_ENGLISH.pdf
Nigeria,,WASSCE,2014,Machine Woodworking,,https://tools.hitch.video/curricula/wassce/MACHINE_WOODWORKING.doc
Nigeria,,WASSCE,2014,Machine Woodworking,,https://tools.hitch.video/curricula/wassce/MACHINE_WOODWORKING.pdf
Nigeria,,WASSCE,2014,Marketing,,https://tools.hitch.video/curricula/wassce/MARKETING.doc
Nigeria,,WASSCE,2014,Marketing,,https://tools.hitch.video/curricula/wassce/MARKETING.pdf
Nigeria,,WASSCE,2014,Mdo,,https://tools.hitch.video/curricula/wassce/mDO.docx
Nigeria,,WASSCE,2014,Mdo,,https://tools.hitch.video/curricula/wassce/mDO.pdf
Nigeria,,WASSCE,2014,Metalwork,,https://tools.hitch.video/curricula/wassce/METALWORK.docx
Nigeria,,WASSCE,2014,Metalwork,,https://tools.hitch.video/curricula/wassce/METALWORK.pdf
Nigeria,,WASSCE,2014,Mining,,https://tools.hitch.video/curricula/wassce/MINING.doc
Nigeria,,WASSCE,2014,Mining,,https://tools.hitch.video/curricula/wassce/MINING.pdf
Nigeria,,WASSCE,2014,Music New,,https://tools.hitch.video/curricula/wassce/MUSIC_NEW.doc
Nigeria,,WASSCE,2014,Music New,,https://tools.hitch.video/curricula/wassce/MUSIC_NEW.pdf
Nigeria,,WASSCE,2014,Music Syllabus,,https://tools.hitch.video/curricula/wassce/MUSIC_SYLLABUS.doc
Nigeria,,WASSCE,2014,Music Syllabus,,https://tools.hitch.video/curricula/wassce/MUSIC_SYLLABUS.pdf
Nigeria,,WASSCE,2014,Office Practice,,https://tools.hitch.video/curricula/wassce/OFFICE_PRACTICE.docx
Nigeria,,WASSCE,2014,Office Practice,,https://tools.hitch.video/curricula/wassce/OFFICE_PRACTICE.pdf
Nigeria,,WASSCE,2014,Painting Andvdecorating,,https://tools.hitch.video/curricula/wassce/PAINTING_ANDvDECORATING.doc
Nigeria,,WASSCE,2014,Painting Andvdecorating,,https://tools.hitch.video/curricula/wassce/PAINTING_ANDvDECORATING.pdf
Nigeria,,WASSCE,2014,Photography,,https://tools.hitch.video/curricula/wassce/PHOTOGRAPHY.docx
Nigeria,,WASSCE,2014,Photography,,https://tools.hitch.video/curricula/wassce/PHOTOGRAPHY.pdf
Nigeria,,WASSCE,2014,Physical Education,,https://tools.hitch.video/curricula/wassce/PHYSICAL_EDUCATION.docx
Nigeria,,WASSCE,2014,Physical Education,,https://tools.hitch.video/curricula/wassce/PHYSICAL_EDUCATION.pdf
Nigeria,,WASSCE,2014,Physics,,https://tools.hitch.video/curricula/wassce/PHYSICS.docx
Nigeria,,WASSCE,2014,Physics,,https://tools.hitch.video/curricula/wassce/PHYSICS.pdf
Nigeria,,WASSCE,2014,Picture Making,,https://tools.hitch.video/curricula/wassce/PICTURE_MAKING.docx
Nigeria,,WASSCE,2014,Picture Making,,https://tools.hitch.video/curricula/wassce/PICTURE_MAKING.pdf
Nigeria,,WASSCE,2014,Plumbing and Pipe Fitting,,https://tools.hitch.video/curricula/wassce/PLUMBING_AND_PIPE_FITTING.docx
Nigeria,,WASSCE,2014,Plumbing and Pipe Fitting,,https://tools.hitch.video/curricula/wassce/PLUMBING_AND_PIPE_FITTING.pdf
Nigeria,,WASSCE,2014,Principles Of Cost Accounting,,https://tools.hitch.video/curricula/wassce/PRINCIPLES_OF_COST_ACCOUNTING.docx
Nigeria,,WASSCE,2014,Principles Of Cost Accounting,,https://tools.hitch.video/curricula/wassce/PRINCIPLES_OF_COST_ACCOUNTING.pdf
Nigeria,,WASSCE,2014,Printing Craft Practice,,https://tools.hitch.video/curricula/wassce/PRINTING_CRAFT_PRACTICE.docx
Nigeria,,WASSCE,2014,Printing Craft Practice,,https://tools.hitch.video/curricula/wassce/PRINTING_CRAFT_PRACTICE.pdf
Nigeria,,WASSCE,2014,Radio Television and Electronics Works,,https://tools.hitch.video/curricula/wassce/RADIO_TELEVISION_AND_ELECTRONICS_WORKS.docx
Nigeria,,WASSCE,2014,Radio Television and Electronics Works,,https://tools.hitch.video/curricula/wassce/RADIO_TELEVISION_AND_ELECTRONICS_WORKS.pdf
Nigeria,,WASSCE,2014,Refrigeration and Air Conditioning,,https://tools.hitch.video/curricula/wassce/REFRIGERATION_AND_AIR_CONDITIONING.doc
Nigeria,,WASSCE,2014,Refrigeration and Air Conditioning,,https://tools.hitch.video/curricula/wassce/REFRIGERATION_AND_AIR_CONDITIONING.pdf
Nigeria,,WASSCE,2014,Salesmanship,,https://tools.hitch.video/curricula/wassce/SALESMANSHIP.docx
Nigeria,,WASSCE,2014,Salesmanship,,https://tools.hitch.video/curricula/wassce/SALESMANSHIP.pdf
Nigeria,,WASSCE,2014,Sculpture,,https://tools.hitch.video/curricula/wassce/SCULPTURE.docx
Nigeria,,WASSCE,2014,Sculpture,,https://tools.hitch.video/curricula/wassce/SCULPTURE.pdf
Nigeria,,WASSCE,2014,Shorthand,,https://tools.hitch.video/curricula/wassce/SHORTHAND.docx
Nigeria,,WASSCE,2014,Shorthand,,https://tools.hitch.video/curricula/wassce/SHORTHAND.pdf
Nigeria,,WASSCE,2014,Social Studies New,,https://tools.hitch.video/curricula/wassce/SOCIAL_STUDIES_NEW.doc
Nigeria,,WASSCE,2014,Social Studies New,,https://tools.hitch.video/curricula/wassce/SOCIAL_STUDIES_NEW.pdf
Nigeria,,WASSCE,2014,Store Keeping,,https://tools.hitch.video/curricula/wassce/STORE_KEEPING.doc
Nigeria,,WASSCE,2014,Store Keeping,,https://tools.hitch.video/curricula/wassce/STORE_KEEPING.pdf
Nigeria,,WASSCE,2014,Store Management,,https://tools.hitch.video/curricula/wassce/STORE_MANAGEMENT.doc
Nigeria,,WASSCE,2014,Store Management,,https://tools.hitch.video/curricula/wassce/STORE_MANAGEMENT.pdf
Nigeria,,WASSCE,2014,Technical Drawing,,https://tools.hitch.video/curricula/wassce/TECHNICAL_DRAWING.docx
Nigeria,,WASSCE,2014,Technical Drawing,,https://tools.hitch.video/curricula/wassce/TECHNICAL_DRAWING.pdf
Nigeria,,WASSCE,2014,Textiles,,https://tools.hitch.video/curricula/wassce/TEXTILES.docx
Nigeria,,WASSCE,2014,Textiles,,https://tools.hitch.video/curricula/wassce/TEXTILES.pdf
Nigeria,,WASSCE,2014,Tourism,,https://tools.hitch.video/curricula/wassce/TOURISM.doc
Nigeria,,WASSCE,2014,Tourism,,https://tools.hitch.video/curricula/wassce/TOURISM.pdf
Nigeria,,WASSCE,2014,Typewriting,,https://tools.hitch.video/curricula/wassce/TYPEWRITING.doc
Nigeria,,WASSCE,2014,Typewriting,,https://tools.hitch.video/curricula/wassce/TYPEWRITING.pdf
Nigeria,,WASSCE,2014,Typewriting2,,https://tools.hitch.video/curricula/wassce/TYPEWRITING2.doc
Nigeria,,WASSCE,2014,Typewriting2,,https://tools.hitch.video/curricula/wassce/TYPEWRITING2.pdf
Nigeria,,WASSCE,2014,Upholstery,,https://tools.hitch.video/curricula/wassce/UPHOLSTERY.docx
Nigeria,,WASSCE,2014,Upholstery,,https://tools.hitch.video/curricula/wassce/UPHOLSTERY.pdf
Nigeria,,WASSCE,2014,Visual Art,,https://tools.hitch.video/curricula/wassce/VISUAL_ART.doc
Nigeria,,WASSCE,2014,Visual Art,,https://tools.hitch.video/curricula/wassce/VISUAL_ART.pdf
Nigeria,,WASSCE,2014,Welding and Fabrication Engineering Craft Practice,,https://tools.hitch.video/curricula/wassce/WELDING_AND_FABRICATION_ENGINEERING_CRAFT_PRACTICE.doc
Nigeria,,WASSCE,2014,Welding and Fabrication Engineering Craft Practice,,https://tools.hitch.video/curricula/wassce/WELDING_AND_FABRICATION_ENGINEERING_CRAFT_PRACTICE.pdf
Nigeria,,WASSCE,2014,West African Traditional Religion,,https://tools.hitch.video/curricula/wassce/WEST_AFRICAN_TRADITIONAL_RELIGION.docx
Nigeria,,WASSCE,2014,West African Traditional Religion,,https://tools.hitch.video/curricula/wassce/WEST_AFRICAN_TRADITIONAL_RELIGION.pdf
Nigeria,,WASSCE,2014,Woodwork,,https://tools.hitch.video/curricula/wassce/WOODWORK.docx
Nigeria,,WASSCE,2014,Woodwork,,https://tools.hitch.video/curricula/wassce/WOODWORK.pdf
Nigeria,,WASSCE,2014,Woodwork GH,,https://tools.hitch.video/curricula/wassce/WOODWORK_GH.docx
Nigeria,,WASSCE,2014,Woodwork GH,,https://tools.hitch.video/curricula/wassce/WOODWORK_GH.pdf
Nigeria,,WASSCE,2014,Woodwork to IED,,https://tools.hitch.video/curricula/wassce/WOODWORK_TO_IED.docx
Nigeria,,WASSCE,2014,Woodwork to IED,,https://tools.hitch.video/curricula/wassce/WOODWORK_TO_IED.pdf
Nigeria,,WASSCE,2014,Yoruba,,https://tools.hitch.video/curricula/wassce/YORUBA.doc
Nigeria,,WASSCE,2014,Yoruba,,https://tools.hitch.video/curricula/wassce/YORUBA.pdf
